-- -------------------------------------------------------------
-- TablePlus 5.3.8(500)
--
-- https://tableplus.com/
--
-- Database: poodle_box
-- Generation Time: 2023-06-11 18:47:54.4510
-- -------------------------------------------------------------


/*!40101 SET @OLD_CHARACTER_SET_CLIENT=@@CHARACTER_SET_CLIENT */;
/*!40101 SET @OLD_CHARACTER_SET_RESULTS=@@CHARACTER_SET_RESULTS */;
/*!40101 SET @OLD_COLLATION_CONNECTION=@@COLLATION_CONNECTION */;
/*!40101 SET NAMES utf8mb4 */;
/*!40014 SET @OLD_UNIQUE_CHECKS=@@UNIQUE_CHECKS, UNIQUE_CHECKS=0 */;
/*!40014 SET @OLD_FOREIGN_KEY_CHECKS=@@FOREIGN_KEY_CHECKS, FOREIGN_KEY_CHECKS=0 */;
/*!40101 SET @OLD_SQL_MODE=@@SQL_MODE, SQL_MODE='NO_AUTO_VALUE_ON_ZERO' */;
/*!40111 SET @OLD_SQL_NOTES=@@SQL_NOTES, SQL_NOTES=0 */;


CREATE TABLE `calendars` (
  `id` int(11) NOT NULL AUTO_INCREMENT,
  `name` varchar(45) NOT NULL,
  `owner` int(11) NOT NULL,
  `course_id` int(11) NOT NULL,
  PRIMARY KEY (`id`),
  KEY `fk_calendars_users1_idx` (`owner`),
  KEY `fk_calendars_courses1_idx` (`course_id`),
  CONSTRAINT `fk_users_courses1` FOREIGN KEY (`course_id`) REFERENCES `courses` (`id`) ON DELETE NO ACTION ON UPDATE NO ACTION,
  CONSTRAINT `fk_users_users1` FOREIGN KEY (`owner`) REFERENCES `users` (`id`) ON DELETE NO ACTION ON UPDATE NO ACTION
) ENGINE=InnoDB AUTO_INCREMENT=2 DEFAULT CHARSET=utf8mb4;

CREATE TABLE `certificates` (
  `id` varchar(45) NOT NULL,
  `users_id` int(45) NOT NULL,
  `courses_id` int(45) NOT NULL,
  `issued_date` date NOT NULL,
  PRIMARY KEY (`id`),
  KEY `fk_certificates_courses1_idx` (`courses_id`),
  KEY `fk_certificates_users1_idx` (`users_id`),
  CONSTRAINT `fk_certificates_courses1` FOREIGN KEY (`courses_id`) REFERENCES `courses` (`id`) ON DELETE NO ACTION ON UPDATE NO ACTION,
  CONSTRAINT `fk_certificates_users1` FOREIGN KEY (`users_id`) REFERENCES `users` (`id`) ON DELETE NO ACTION ON UPDATE NO ACTION
) ENGINE=InnoDB DEFAULT CHARSET=utf8mb4;

CREATE TABLE `content` (
  `id` int(11) NOT NULL AUTO_INCREMENT,
  `title` varchar(200) NOT NULL,
  `description` longtext DEFAULT NULL,
  `content_types_id` int(11) NOT NULL,
  `sections_id` int(11) NOT NULL,
  `link` varchar(255) DEFAULT NULL,
  PRIMARY KEY (`id`),
  KEY `fk_content_sections1_idx` (`sections_id`),
  KEY `fk_content_content_types1_idx` (`content_types_id`),
  CONSTRAINT `fk_content_content_types_id1` FOREIGN KEY (`content_types_id`) REFERENCES `content_types` (`id`) ON DELETE NO ACTION ON UPDATE NO ACTION,
  CONSTRAINT `fk_content_sections1` FOREIGN KEY (`sections_id`) REFERENCES `sections` (`id`) ON DELETE CASCADE ON UPDATE NO ACTION
) ENGINE=InnoDB AUTO_INCREMENT=296 DEFAULT CHARSET=utf8mb4;

CREATE TABLE `content_types` (
  `id` int(11) NOT NULL AUTO_INCREMENT,
  `type` varchar(45) NOT NULL,
  PRIMARY KEY (`id`)
) ENGINE=InnoDB AUTO_INCREMENT=6 DEFAULT CHARSET=utf8mb4;

CREATE TABLE `courses` (
  `id` int(11) NOT NULL AUTO_INCREMENT,
  `title` varchar(45) NOT NULL,
  `description` longtext NOT NULL,
  `objectives` longtext NOT NULL,
  `premium` tinyint(4) NOT NULL,
  `active` tinyint(4) NOT NULL,
  `owner` int(11) NOT NULL,
  `price` float DEFAULT NULL,
  `course_picture` varchar(200) DEFAULT NULL,
  PRIMARY KEY (`id`),
  UNIQUE KEY `title_UNIQUE` (`title`),
  KEY `fk_courses_users1_idx` (`owner`),
  CONSTRAINT `fk_courses_users1` FOREIGN KEY (`owner`) REFERENCES `users` (`id`)
) ENGINE=InnoDB AUTO_INCREMENT=57 DEFAULT CHARSET=utf8mb4;

CREATE TABLE `events` (
  `id` int(11) NOT NULL AUTO_INCREMENT COMMENT 'Primary Key',
  `name` varchar(255) NOT NULL,
  `calendar_id` int(11) NOT NULL,
  `start` datetime(6) NOT NULL,
  `end` datetime(6) NOT NULL,
  `link` varchar(200) NOT NULL,
  PRIMARY KEY (`id`),
  KEY `calendar_id` (`calendar_id`),
  CONSTRAINT `events_ibfk_1` FOREIGN KEY (`calendar_id`) REFERENCES `calendars` (`id`)
) ENGINE=InnoDB AUTO_INCREMENT=28 DEFAULT CHARSET=utf8mb4;

CREATE TABLE `interests` (
  `users_id` int(11) NOT NULL,
  `tags_id` int(11) NOT NULL,
  `relevance` int(11) NOT NULL,
  PRIMARY KEY (`users_id`,`tags_id`),
  KEY `fk_interests_courses1_idx` (`users_id`),
  KEY `fk_interests_tags1_idx` (`tags_id`),
  CONSTRAINT `fk_interests_courses1` FOREIGN KEY (`users_id`) REFERENCES `users` (`id`) ON DELETE NO ACTION ON UPDATE NO ACTION,
  CONSTRAINT `fk_interests_tags1` FOREIGN KEY (`tags_id`) REFERENCES `tags` (`id`) ON DELETE NO ACTION ON UPDATE NO ACTION
) ENGINE=InnoDB DEFAULT CHARSET=utf8mb4;

CREATE TABLE `reviews` (
  `id` int(11) NOT NULL AUTO_INCREMENT,
  `users_id` int(11) NOT NULL,
  `courses_id` int(11) NOT NULL,
  `rating` double NOT NULL,
  `description` longtext DEFAULT NULL,
  PRIMARY KEY (`id`),
  UNIQUE KEY `unique_index` (`users_id`,`courses_id`),
  KEY `fk_reviews_courses1_idx` (`courses_id`),
  KEY `fk_reviews_users1_idx` (`users_id`),
  CONSTRAINT `fk_reviews_courses1` FOREIGN KEY (`courses_id`) REFERENCES `courses` (`id`) ON DELETE NO ACTION ON UPDATE NO ACTION,
  CONSTRAINT `fk_reviews_users1` FOREIGN KEY (`users_id`) REFERENCES `users` (`id`) ON DELETE NO ACTION ON UPDATE NO ACTION
) ENGINE=InnoDB AUTO_INCREMENT=34 DEFAULT CHARSET=utf8mb4;

CREATE TABLE `roles` (
  `id` int(11) NOT NULL AUTO_INCREMENT,
  `type` varchar(45) NOT NULL,
  PRIMARY KEY (`id`)
) ENGINE=InnoDB AUTO_INCREMENT=4 DEFAULT CHARSET=utf8mb4;

CREATE TABLE `sections` (
  `id` int(11) NOT NULL AUTO_INCREMENT,
  `title` varchar(45) NOT NULL,
  `courses_id` int(11) NOT NULL,
  PRIMARY KEY (`id`),
  KEY `fk_sections_courses1_idx` (`courses_id`),
  CONSTRAINT `fk_sections_courses1` FOREIGN KEY (`courses_id`) REFERENCES `courses` (`id`) ON DELETE NO ACTION ON UPDATE NO ACTION
) ENGINE=InnoDB AUTO_INCREMENT=74 DEFAULT CHARSET=utf8mb4;

CREATE TABLE `subscriptions` (
  `id` int(11) NOT NULL AUTO_INCREMENT,
  `type` varchar(45) NOT NULL,
  PRIMARY KEY (`id`)
) ENGINE=InnoDB AUTO_INCREMENT=4 DEFAULT CHARSET=utf8mb4;

CREATE TABLE `tags` (
  `id` int(11) NOT NULL AUTO_INCREMENT,
  `name` varchar(45) NOT NULL,
  PRIMARY KEY (`id`),
  UNIQUE KEY `name_UNIQUE` (`name`)
) ENGINE=InnoDB AUTO_INCREMENT=17 DEFAULT CHARSET=utf8mb4;

CREATE TABLE `tags_has_courses` (
  `courses_id` int(11) NOT NULL,
  `tags_id` int(11) NOT NULL,
  PRIMARY KEY (`courses_id`,`tags_id`),
  KEY `fk_tags_has_courses_courses1_idx` (`courses_id`),
  KEY `fk_tags_has_courses_tags1_idx` (`tags_id`),
  CONSTRAINT `fk_tags_has_courses_courses1` FOREIGN KEY (`courses_id`) REFERENCES `courses` (`id`) ON DELETE CASCADE ON UPDATE NO ACTION,
  CONSTRAINT `fk_tags_has_courses_tags1` FOREIGN KEY (`tags_id`) REFERENCES `tags` (`id`) ON DELETE NO ACTION ON UPDATE NO ACTION
) ENGINE=InnoDB DEFAULT CHARSET=utf8mb4;

CREATE TABLE `users` (
  `id` int(11) NOT NULL AUTO_INCREMENT,
  `email` varchar(45) NOT NULL,
  `first_name` varchar(45) NOT NULL,
  `last_name` varchar(45) NOT NULL,
  `password` varchar(200) NOT NULL,
  `phone_number` varchar(45) DEFAULT NULL,
  `date_of_birth` date NOT NULL,
  `verified_email` tinyint(4) NOT NULL,
  `approved` tinyint(4) DEFAULT NULL,
  `role` int(11) NOT NULL,
  `linked_in_profile` varchar(200) DEFAULT NULL,
  `disabled` tinyint(4) NOT NULL,
  `profile_picture` varchar(200) DEFAULT NULL,
  PRIMARY KEY (`id`),
  UNIQUE KEY `email_UNIQUE` (`email`),
  KEY `fk_users_roles1_idx` (`role`),
  CONSTRAINT `fk_users_roles1` FOREIGN KEY (`role`) REFERENCES `roles` (`id`) ON DELETE NO ACTION ON UPDATE NO ACTION
) ENGINE=InnoDB AUTO_INCREMENT=91 DEFAULT CHARSET=utf8mb4;

CREATE TABLE `users_has_courses` (
  `users_id` int(11) NOT NULL,
  `courses_id` int(11) NOT NULL,
  `subscriptions_id` int(4) NOT NULL,
  PRIMARY KEY (`courses_id`,`users_id`,`subscriptions_id`),
  KEY `fk_users_has_courses_courses1_idx` (`courses_id`),
  KEY `fk_users_has_courses_users1_idx` (`users_id`),
  KEY `fk_users_has_courses_subscriptions1_idx` (`subscriptions_id`),
  CONSTRAINT `fk_users_has_courses_courses1` FOREIGN KEY (`courses_id`) REFERENCES `courses` (`id`) ON DELETE NO ACTION ON UPDATE NO ACTION,
  CONSTRAINT `fk_users_has_courses_subscriptions1` FOREIGN KEY (`subscriptions_id`) REFERENCES `subscriptions` (`id`) ON DELETE NO ACTION ON UPDATE NO ACTION,
  CONSTRAINT `fk_users_has_courses_users1` FOREIGN KEY (`users_id`) REFERENCES `users` (`id`) ON DELETE CASCADE ON UPDATE NO ACTION
) ENGINE=InnoDB DEFAULT CHARSET=utf8mb4;

CREATE TABLE `users_has_sections` (
  `users_id` int(11) NOT NULL,
  `sections_id` int(11) NOT NULL,
  PRIMARY KEY (`users_id`,`sections_id`),
  KEY `fk_users_has_courses_sections1_idx` (`sections_id`),
  KEY `fk_users_has_courses_users1_idx` (`users_id`),
  CONSTRAINT `fk_users_has_sections1` FOREIGN KEY (`users_id`) REFERENCES `users` (`id`) ON DELETE CASCADE ON UPDATE NO ACTION,
  CONSTRAINT `fk_users_has_sections_sections1` FOREIGN KEY (`sections_id`) REFERENCES `sections` (`id`) ON DELETE CASCADE ON UPDATE NO ACTION
) ENGINE=InnoDB DEFAULT CHARSET=utf8mb4;

INSERT INTO `calendars` (`id`, `name`, `owner`, `course_id`) VALUES
(1, 'Python', 1, 7);

INSERT INTO `certificates` (`id`, `users_id`, `courses_id`, `issued_date`) VALUES
('b34d97ce-fe64-11ed-b9b4-5a24bbcf4b7b', 3, 6, '2023-05-25');

INSERT INTO `content` (`id`, `title`, `description`, `content_types_id`, `sections_id`, `link`) VALUES
(19, 'Introduction to JavaScript', 'This video will introduce you to the basics of JavaScript, including variables, data types, and control flow.', 2, 20, '<iframe src=\"https://embed.api.video/vod/vi4C3YfNbJX4jeqqWBF3bzut\" width=\"100%\" height=\"100%\" frameborder=\"0\" scrolling=\"no\" allowfullscreen=\"true\"></iframe>'),
(20, 'JavaScript Operators and Expressions', 'This video will introduce you to the basics of JavaScript, including variables, data types, and control flow.', 4, 20, 'poodle.pdf'),
(21, 'Control flow: if-else statements, switch statements, loops (for, while).', ' Learn how to control the flow of execution in JavaScript using if-else statements, switch statements, and loops (for and while). Master the art of making decisions based on conditions and creating iterative processes within your code.', 2, 20, '<iframe src=\"https://embed.api.video/vod/viPlftPkZ9NZBtzhOeYozPz\" width=\"100%\" height=\"100%\" frameborder=\"0\" scrolling=\"no\" allowfullscreen=\"true\"></iframe>'),
(22, 'Functions: defining and calling functions, parameters and arguments, return values.', 'Explore the power of functions in JavaScript. Learn how to define functions to encapsulate reusable blocks of code, understand the concept of parameters and arguments to make functions more flexible, and discover how to return values from functions. Master the art of modularizing your code and making it more organized and efficient using functions.', 2, 20, '<iframe src=\"https://embed.api.video/vod/vi7IZNtCi28wc88cvyuZvMus\" width=\"100%\" height=\"100%\" frameborder=\"0\" scrolling=\"no\" allowfullscreen=\"true\"></iframe>'),
(23, 'Arrays: creating arrays, accessing and modifying elements, common array methods.', ' Delve into the world of arrays in JavaScript. Learn how to create arrays to store collections of data, access and modify elements within arrays, and unleash the power of common array methods. Discover how arrays can help you organize and manipulate data efficiently, making your JavaScript code more dynamic and versatile.', 2, 20, '<iframe src=\"https://embed.api.video/vod/vi2F6WGyEO2t0dFmzcSVSpfJ\" width=\"100%\" height=\"100%\" frameborder=\"0\" scrolling=\"no\" allowfullscreen=\"true\"></iframe>'),
(24, 'Objects: object literals, properties, methods, accessing and modifying object properties.', 'Dive into the realm of objects in JavaScript. Explore object literals, properties, and methods, and learn how to access and modify object properties. Discover the power of objects in organizing related data and behavior, allowing you to create complex and dynamic structures in your JavaScript code.', 4, 20, 'poodle.pdf'),
(25, 'Accessing DOM Elements:', 'Learn how to select and target specific elements within an HTML document using various methods such as getElementById, getElementsByClassName, getElementsByTagName, and querySelector.', 2, 22, '<iframe src=\"https://embed.api.video/vod/vi7WN0skL8nS7B90wVjPbqjo\" width=\"100%\" height=\"100%\" frameborder=\"0\" scrolling=\"no\" allowfullscreen=\"true\"></iframe>'),
(26, 'Modifying Element Content', 'Explore how to change the content of elements, including updating text, modifying attributes, adding or removing classes, and manipulating CSS properties.', 5, 22, 'poodle.pdf'),
(27, 'Creating and Appending Elements', 'Discover how to dynamically create new HTML elements using JavaScript and add them to the DOM. Learn about methods like createElement, createTextNode, and appendChild.', 2, 22, '<iframe src=\"https://embed.api.video/vod/vi4lobFGc6CNrefoCuogEnfe\" width=\"100%\" height=\"100%\" frameborder=\"0\" scrolling=\"no\" allowfullscreen=\"true\"></iframe>'),
(28, 'Event Handling', 'Gain an understanding of how to handle user interactions and events on DOM elements. Learn about event listeners, event types, and callback functions to respond to user actions like clicks, hover, or form submissions.', 2, 22, '<iframe src=\"https://embed.api.video/vod/vi62OCcHQBQlTr1u6x7CEP28\" width=\"100%\" height=\"100%\" frameborder=\"0\" scrolling=\"no\" allowfullscreen=\"true\"></iframe>'),
(29, 'Introduction to JavaScript Libraries and Frameworks', 'Learn about the advantages of using libraries and frameworks, such as increased productivity, code organization, and community support. Explore popular JavaScript libraries and frameworks and their use cases.', 2, 23, '<iframe src=\"https://embed.api.video/vod/vi4lJRLGRFXXRQOm3bnmEFaF\" width=\"100%\" height=\"100%\" frameborder=\"0\" scrolling=\"no\" allowfullscreen=\"true\"></iframe>'),
(30, 'Benefits of Using Libraries and Frameworks', 'Learn about the advantages of using pre-built functionality, reducing manual coding efforts, and achieving faster development cycles. Understand how libraries and frameworks help maintain consistency, improve code quality, and foster collaboration among developers', 2, 23, '<iframe src=\"https://embed.api.video/vod/vipvfK8F77wpLqSxQo0adOa\" width=\"100%\" height=\"100%\" frameborder=\"0\" scrolling=\"no\" allowfullscreen=\"true\"></iframe>'),
(31, 'Popular JavaScript Libraries and Frameworks', 'Explore a variety of widely used JavaScript libraries and frameworks', 2, 23, '<iframe src=\"https://embed.api.video/vod/vi6og7tXfOn8dQZoLt1RQWCh\" width=\"100%\" height=\"100%\" frameborder=\"0\" scrolling=\"no\" allowfullscreen=\"true\"></iframe>'),
(32, 'Use Cases and Examples', 'Learn about specific use cases where JavaScript libraries and frameworks excel, such as building single-page applications, interactive UIs, data visualization, and more.', 4, 23, 'poodle.pdf'),
(33, 'Asynchronous JavaScript and Promises', 'Explore techniques such as async/await and Promise chaining to write cleaner and more readable asynchronous code.', 4, 24, 'poodle.pdf'),
(34, 'Functional Programming in JavaScript', 'Learn how to leverage higher-order functions, pure functions, and immutability to write more modular and reusable code. Understand the power of functional programming techniques like map, filter, and reduce to manipulate data collections.', 2, 24, '<iframe src=\"https://embed.api.video/vod/vi1ntJ0PXsXEJdJQgseDZ7L4\" width=\"100%\" height=\"100%\" frameborder=\"0\" scrolling=\"no\" allowfullscreen=\"true\"></iframe>'),
(35, 'JavaScript Code Organization and Modularization:', 'Explore popular module bundlers like Webpack and Rollup to manage dependencies and bundle your code for production.', 2, 24, '<iframe src=\"https://embed.api.video/vod/vi5LVQw8m6nCsncbaXxiuNe9\" width=\"100%\" height=\"100%\" frameborder=\"0\" scrolling=\"no\" allowfullscreen=\"true\"></iframe>'),
(36, 'Debugging JavaScript Applications', 'Learn effective techniques for debugging and troubleshooting JavaScript applications.', 2, 24, '<iframe src=\"https://embed.api.video/vod/vi45Flas6fRPiFQCtt8qsmSs\" width=\"100%\" height=\"100%\" frameborder=\"0\" scrolling=\"no\" allowfullscreen=\"true\"></iframe>'),
(37, 'Code Organization and Formatting', 'Understand the importance of proper indentation, consistent naming conventions, and code comments.', 2, 25, '<iframe src=\"https://embed.api.video/vod/vi7jIQDyIgSvMnIEp8Wpwjae\" width=\"100%\" height=\"100%\" frameborder=\"0\" scrolling=\"no\" allowfullscreen=\"true\"></iframe>'),
(38, 'Variable and Function Declarations', 'Learn the importance of block scoping and limiting variable scope to avoid naming conflicts and unintended side effects. Explore strategies for writing self-descriptive and reusable functions.', 4, 25, 'poodle.pdf'),
(39, 'Error Handling and Debugging', 'Explore techniques for effective logging and debugging, including using console.log, breakpoints, and stack traces.', 2, 25, '<iframe src=\"https://embed.api.video/vod/vi7lQoFFU3iuICt328xLsBLv\" width=\"100%\" height=\"100%\" frameborder=\"0\" scrolling=\"no\" allowfullscreen=\"true\"></iframe>'),
(40, 'Efficient Data Manipulation', 'Explore array manipulation methods like map, filter, reduce, and find to perform common operations concisely and efficiently.', 4, 25, 'poodle.pdf'),
(41, 'Performance Optimization', 'Learn about browser caching, lazy loading, and other performance optimization techniques to enhance the overall user experience.', 2, 25, '<iframe src=\"https://embed.api.video/vod/vi11V1SIDaFWfFYyHpm5SYyk\" width=\"100%\" height=\"100%\" frameborder=\"0\" scrolling=\"no\" allowfullscreen=\"true\"></iframe>'),
(42, 'Setting Up the Python Environment', 'Explore options for installing Python, such as using the official Python website or package managers like Anaconda', 2, 26, '<iframe src=\"https://embed.api.video/vod/vi4lJRLGRFXXRQOm3bnmEFaF\" width=\"100%\" height=\"100%\" frameborder=\"0\" scrolling=\"no\" allowfullscreen=\"true\"></iframe>'),
(43, 'Running Python Code', 'Discover different methods for running Python code, including using the Python interactive shell, integrated development environments (IDEs), and code editors', 2, 27, '<iframe src=\"https://embed.api.video/vod/vi11V1SIDaFWfFYyHpm5SYyk\" width=\"100%\" height=\"100%\" frameborder=\"0\" scrolling=\"no\" allowfullscreen=\"true\"></iframe>'),
(44, 'Variables and Data Types', 'Learn about different data types in Python, such as numbers, strings, lists, tuples, dictionaries, and booleans', 4, 28, 'poodle.pdf'),
(45, 'Operators and Expressions', 'Get familiar with various operators in Python, including arithmetic, comparison, logical, and assignment operators', 2, 29, '<iframe src=\"https://embed.api.video/vod/vi62OCcHQBQlTr1u6x7CEP28\" width=\"100%\" height=\"100%\" frameborder=\"0\" scrolling=\"no\" allowfullscreen=\"true\"></iframe>'),
(46, 'Conditional Statements', 'Learn how to use conditional statements to execute specific code blocks based on different conditions', 2, 30, '<iframe src=\"https://embed.api.video/vod/vi2F6WGyEO2t0dFmzcSVSpfJ\" width=\"100%\" height=\"100%\" frameborder=\"0\" scrolling=\"no\" allowfullscreen=\"true\"></iframe>'),
(47, 'Running Python Code', 'Discover different methods for running Python code, including using the Python interactive shell, integrated development environments (IDEs), and code editors', 2, 26, '<iframe src=\"https://embed.api.video/vod/vi1H5jcVvfYxFS8phCWLfPQs\" width=\"100%\" height=\"100%\" frameborder=\"0\" scrolling=\"no\" allowfullscreen=\"true\"></iframe>'),
(48, 'Variables and Data Types:', 'Learn about different data types in Python, such as numbers, strings, lists, tuples, dictionaries, and booleans.', 2, 26, '<iframe src=\"https://embed.api.video/vod/vi3LU8EjiVZfNz7VAG2vv0vA\" width=\"100%\" height=\"100%\" frameborder=\"0\" scrolling=\"no\" allowfullscreen=\"true\"></iframe>'),
(49, 'Operators and Expressions', 'Get familiar with various operators in Python, including arithmetic, comparison, logical, and assignment operators.', 4, 26, 'poodle.pdf'),
(50, 'Conditional Statements', 'Learn how to use conditional statements to execute specific code blocks based on different conditions', 4, 27, 'poodle.pdf'),
(51, 'Looping Constructs', 'Introduce different types of loops available in Python: the for loop and the while loop', 2, 27, '<iframe src=\"https://embed.api.video/vod/vi5j7ZXGxEIV4PNXUkYZFvjZ\" width=\"100%\" height=\"100%\" frameborder=\"0\" scrolling=\"no\" allowfullscreen=\"true\"></iframe>'),
(52, 'Loop Control Statements', 'Understand how to use the break statement to exit a loop prematurely', 2, 27, '<iframe src=\"https://embed.api.video/vod/vilBrOI3SqmlBrI8gk15XfN\" width=\"100%\" height=\"100%\" frameborder=\"0\" scrolling=\"no\" allowfullscreen=\"true\"></iframe>'),
(53, 'Nesting Control Structures', 'Understand how to use nested if statements and loops to create more complex program flows', 2, 27, '<iframe src=\"https://embed.api.video/vod/vi7btIP32o5yVOMUnIWRhBRo\" width=\"100%\" height=\"100%\" frameborder=\"0\" scrolling=\"no\" allowfullscreen=\"true\"></iframe>'),
(54, 'Functions', 'Learn how to define functions using the def keyword and provide input parameters', 2, 28, '<iframe src=\"https://embed.api.video/vod/vi3gCoUB0LgY3m95JYgoOivm\" width=\"100%\" height=\"100%\" frameborder=\"0\" scrolling=\"no\" allowfullscreen=\"true\"></iframe>'),
(55, 'Function Parameters and Arguments', 'Learn about function parameters and how they allow you to pass information into a function', 4, 28, 'poodle.pdf'),
(56, 'Return Values and Scope', 'Understand the concept of return values and how functions can produce output', 2, 28, '<iframe src=\"https://embed.api.video/vod/vi2ywVuYlfW6uA7huTdODwPl\" width=\"100%\" height=\"100%\" frameborder=\"0\" scrolling=\"no\" allowfullscreen=\"true\"></iframe>'),
(57, 'Modules and Packages', 'Explore the standard library, which provides a vast collection of pre-built modules', 4, 28, 'poodle.pdf'),
(58, 'Working with External Modules', 'Discover how to leverage external modules and libraries in your Python programs', 2, 28, '<iframe src=\"https://embed.api.video/vod/vi6IOSHynnn6IiI2bqICKVG5\" width=\"100%\" height=\"100%\" frameborder=\"0\" scrolling=\"no\" allowfullscreen=\"true\"></iframe>'),
(59, 'Opening and Closing Files', 'Learn how to open and close files in Python using the built-in open() function', 2, 29, '<iframe src=\"https://embed.api.video/vod/vi7LVcW5BtROFmMbD7XToEZj\" width=\"100%\" height=\"100%\" frameborder=\"0\" scrolling=\"no\" allowfullscreen=\"true\"></iframe>'),
(60, 'Reading and Writing Text Files', 'Understand how to write data to text files, either by overwriting the existing content or appending to it', 2, 29, '<iframe src=\"https://embed.api.video/vod/vi7RGuzx5iiK1MjJJ6mYY7bz\" width=\"100%\" height=\"100%\" frameborder=\"0\" scrolling=\"no\" allowfullscreen=\"true\"></iframe>'),
(61, 'Lists', 'Learn how to create and manipulate lists, including accessing elements, adding and removing items, and modifying values', 2, 30, '<iframe src=\"https://embed.api.video/vod/vi1y5suLEIGYPLtkvApROzP4\" width=\"100%\" height=\"100%\" frameborder=\"0\" scrolling=\"no\" allowfullscreen=\"true\"></iframe>'),
(62, 'Tuples', 'Explore different use cases for tuples, such as representing fixed collections of values or returning multiple values from a function', 2, 30, '<iframe src=\"https://embed.api.video/vod/vi1bynAPfUl3nkpxnGIjCx2P\" width=\"100%\" height=\"100%\" frameborder=\"0\" scrolling=\"no\" allowfullscreen=\"true\"></iframe>'),
(63, 'Dictionaries', 'Introduce dictionaries, which are key-value pairs that provide efficient data retrieval based on unique keys.', 4, 30, 'poodle.pdf'),
(64, 'Sets', 'Understand the properties of sets, such as the ability to perform mathematical set operations like union, intersection, and difference.', 4, 30, 'poodle.pdf'),
(65, 'Working with Data Structures', 'Understand common operations, such as sorting, searching, and filtering data within data structures', 2, 30, '<iframe src=\"https://embed.api.video/vod/vi3ZhpjMip3ueWJ1VTIVYjF3\" width=\"100%\" height=\"100%\" frameborder=\"0\" scrolling=\"no\" allowfullscreen=\"true\"></iframe>'),
(66, 'Lisp Fundamentals', 'An introductory video exploring the basics of Lisp, its unique features, and its significance in the world of programming', 2, 31, '<iframe src=\"https://embed.api.video/vod/vi6WlCTZUxcu2A5BsK2ccCEc\" width=\"100%\" height=\"100%\" frameborder=\"0\" scrolling=\"no\" allowfullscreen=\"true\"></iframe>'),
(67, 'Getting Started with Lisp', 'A beginner\'s guide to setting up a Lisp environment and writing your first Lisp program.', 4, 31, 'poodle.pdf'),
(68, 'A Brief History of Lisp', 'Delve into the history of Lisp, tracing its origins from its creation by John McCarthy to its evolution into various dialects and implementations. Learn about the influential role Lisp has played in the development of programming languages.', 2, 31, '<iframe src=\"https://embed.api.video/vod/viRPB9t8Z6Rm2pw6Zc8hXFU\" width=\"100%\" height=\"100%\" frameborder=\"0\" scrolling=\"no\" allowfullscreen=\"true\"></iframe>'),
(69, 'Lisp\'s Unique Features', 'Discover the distinctive features and principles that set Lisp apart from other programming languages. ', 2, 31, '<iframe src=\"https://embed.api.video/vod/vi2R0o80lakuEuub1fNsqZR3\" width=\"100%\" height=\"100%\" frameborder=\"0\" scrolling=\"no\" allowfullscreen=\"true\"></iframe>'),
(70, 'Understanding S-Expressions', 'Dive into the world of S-expressions, the fundamental building blocks of Lisp. Learn how S-expressions are used to represent code and data in a unified way, and explore their syntax and evaluation in Lisp programs', 2, 31, '<iframe src=\"https://embed.api.video/vod/vi4ka1SQ4coNoNzrQBzfd5l0\" width=\"100%\" height=\"100%\" frameborder=\"0\" scrolling=\"no\" allowfullscreen=\"true\"></iframe>'),
(71, 'Lisp Syntax and Expressions', 'Familiarize yourself with Lisp\'s syntax and expression evaluation. Learn how to write Lisp expressions, including function calls and mathematical operations, and understand the order of evaluation in Lisp programs.', 4, 31, 'poodle.pdf'),
(72, 'Parentheses and S-Expressions', 'Understand the distinctive syntax of Lisp, characterized by its prominent use of parentheses and S-expressions. Learn how to read and write Lisp code using this unique syntax and explore the benefits it provides.', 4, 32, 'poodle.pdf'),
(73, 'Variables and Bindings in Lisp', 'Explore the concept of variables in Lisp and learn how to declare and bind them. Understand variable scoping rules, dynamic and lexical variables, and gain hands-on experience with variable assignments and references.', 2, 32, '<iframe src=\"https://embed.api.video/vod/vi6Nz97dTU76JUSgdVUnlGcR\" width=\"100%\" height=\"100%\" frameborder=\"0\" scrolling=\"no\" allowfullscreen=\"true\"></iframe>'),
(74, 'Control Structures: Conditionals and Loops', 'Discover how Lisp handles control flow using conditionals and loops. Learn about the if-else construct for decision making, various loop constructs like do, dotimes, and dolist for iterative operations, and understand their usage in Lisp programs.', 2, 32, '<iframe src=\"https://embed.api.video/vod/vi2tfMlJ9jLRb1uYdI55zKnj\" width=\"100%\" height=\"100%\" frameborder=\"0\" scrolling=\"no\" allowfullscreen=\"true\"></iframe>'),
(75, 'Functions in Lisp: Defining and Calling', 'Dive into the world of functions in Lisp. Learn how to define your own functions, specify arguments, and return values. Gain a deep understanding of function calling syntax and explore best practices for writing functions in Lisp.', 2, 32, '<iframe src=\"https://embed.api.video/vod/vi6KD7aEBGOysE4ZrbiAFSIt\" width=\"100%\" height=\"100%\" frameborder=\"0\" scrolling=\"no\" allowfullscreen=\"true\"></iframe>'),
(76, 'Commonly Used Built-in Functions', 'Explore a variety of built-in functions available in Lisp. Discover essential functions for mathematical operations, string manipulation, list manipulation, and more. Learn how to leverage these functions to streamline your Lisp programs.', 4, 32, 'poodle.pdf'),
(77, 'Functional Programming Paradigm', 'Explore the principles and concepts of functional programming. Understand immutability, higher-order functions, and pure functions, and learn how Lisp embraces and supports the functional programming paradigm.', 4, 33, 'poodle.pdf'),
(78, 'First-Class Functions in Lisp', 'Learn about Lisp\'s support for first-class functions, which allows functions to be assigned to variables, passed as arguments, and returned as results. Discover the power and flexibility of working with first-class functions in Lisp.', 2, 33, '<iframe src=\"https://embed.api.video/vod/vi2IEWWXDuH5qgZZXlMKT0tm\" width=\"100%\" height=\"100%\" frameborder=\"0\" scrolling=\"no\" allowfullscreen=\"true\"></iframe>'),
(79, 'Higher-Order Functions', ' Dive deeper into higher-order functions in Lisp. Explore functions that take other functions as arguments or return functions as results. Learn how to create and use higher-order functions to solve complex problems.', 2, 33, '<iframe src=\"https://embed.api.video/vod/vi3o9Gup5mz6XJUl9FkcBAT0\" width=\"100%\" height=\"100%\" frameborder=\"0\" scrolling=\"no\" allowfullscreen=\"true\"></iframe>'),
(80, 'Lambda Expressions', 'Understand the concept of lambda expressions in Lisp. Discover how to define anonymous functions using lambda notation and leverage their flexibility in functional programming scenarios.', 4, 33, '<iframe src=\"https://embed.api.video/vod/vi6C89k52wiCokBOPL1IiqLB\" width=\"100%\" height=\"100%\" frameborder=\"0\" scrolling=\"no\" allowfullscreen=\"true\"></iframe>'),
(81, 'Recursion in Lisp', 'Delve into recursion, a fundamental technique in functional programming. Learn how to write recursive functions in Lisp and understand how recursion can be used to solve complex problems with elegance and simplicity.', 2, 33, '<iframe src=\"https://embed.api.video/vod/vi1woJtKlAPS8NEHW6Awo12X\" width=\"100%\" height=\"100%\" frameborder=\"0\" scrolling=\"no\" allowfullscreen=\"true\"></iframe>'),
(82, 'Data Types in Lisp', 'xplore the various data types available in Lisp, including numbers, strings, symbols, and lists. Understand how to work with different data types and perform operations on them', 2, 34, '<iframe src=\"https://embed.api.video/vod/vi1KScjmbkxpXo8IaVB6xoMX\" width=\"100%\" height=\"100%\" frameborder=\"0\" scrolling=\"no\" allowfullscreen=\"true\"></iframe>'),
(83, 'List Manipulation in Lisp', 'Dive into the powerful list manipulation capabilities of Lisp. Learn about essential functions like car, cdr, cons, and list, and understand how to create, access, modify, and traverse lists effectively.', 4, 34, 'poodle.pdf'),
(84, 'Working with Strings', 'Discover how to work with strings in Lisp. Learn about string manipulation functions, string concatenation, substring extraction, and string comparison techniques.', 4, 34, 'poodle.pdf'),
(85, 'Dictionaries and Hash Tables', 'Explore the concept of dictionaries and hash tables in Lisp. Understand how to create and manipulate key-value pairs, perform efficient lookups, and leverage hash table functions for data storage and retrieval.', 2, 34, '<iframe src=\"https://embed.api.video/vod/vi4etClz5ACz3b9ISxsXNP7U\" width=\"100%\" height=\"100%\" frameborder=\"0\" scrolling=\"no\" allowfullscreen=\"true\"></iframe>'),
(86, 'Sequences and Arrays in Lisp', 'Gain insights into working with sequences and arrays in Lisp. Learn about sequence functions, array creation, indexing, and slicing techniques, and understand how to efficiently manipulate and access elements in sequences and arrays.', 2, 34, '<iframe src=\"https://embed.api.video/vod/vi1z6nY1O5jTv94smiqSD1Mc\" width=\"100%\" height=\"100%\" frameborder=\"0\" scrolling=\"no\" allowfullscreen=\"true\"></iframe>'),
(87, 'File Input and Output', 'Learn how to read from and write to files in Lisp. Explore file handling functions, understand file modes, and discover techniques for processing data from external files and storing results.', 4, 34, 'poodle.pdf'),
(88, 'Introduction to Lisp Macros', 'Explore the power of macros in Lisp. Learn what macros are, how they differ from functions, and understand their role in enabling metaprogramming capabilities in Lisp.', 4, 35, 'poodle.pdf'),
(89, 'Macro Expansion and Code Transformation', 'Dive into the process of macro expansion in Lisp. Understand how macros are expanded and how they transform code at compile-time, allowing you to generate and manipulate code dynamically.', 2, 35, '<iframe src=\"https://embed.api.video/vod/vi4q9PcSO7cknlHPyCD1TbMS\" width=\"100%\" height=\"100%\" frameborder=\"0\" scrolling=\"no\" allowfullscreen=\"true\"></iframe>'),
(90, 'Writing Simple Macros', 'Learn the basics of writing your own macros in Lisp. Discover macro syntax, parameter handling, and understand how to use macros to abstract common patterns and simplify repetitive code.', 2, 35, '<iframe src=\"https://embed.api.video/vod/vi1oUDQVE2HNpUFFYRtWIhbv\" width=\"100%\" height=\"100%\" frameborder=\"0\" scrolling=\"no\" allowfullscreen=\"true\"></iframe>'),
(91, 'Advanced Macro Techniques', 'Delve into advanced macro techniques in Lisp. Explore features like hygienic macros, capturing and splicing code fragments, and gain insights into best practices for writing powerful and reusable macros.', 2, 35, '<iframe src=\"https://embed.api.video/vod/vi7MMBtJQN5kEjpV8yppGdN8\" width=\"100%\" height=\"100%\" frameborder=\"0\" scrolling=\"no\" allowfullscreen=\"true\"></iframe>'),
(92, 'Domain-Specific Languages (DSLs) with Macros', 'Discover how macros enable the creation of domain-specific languages (DSLs) in Lisp. Learn how to leverage macros to define expressive and specialized syntax that aligns with the requirements of specific problem domains.', 4, 35, 'poodle.pdf'),
(93, 'Metaprogramming and Code Generation', 'Explore metaprogramming concepts in Lisp. Understand how Lisp\'s metaprogramming capabilities allow you to generate code dynamically, adapt programs at runtime, and implement sophisticated code transformations.', 2, 35, '<iframe src=\"https://embed.api.video/vod/vi4rLUGr5bXlBPQwpFVnmR92\" width=\"100%\" height=\"100%\" frameborder=\"0\" scrolling=\"no\" allowfullscreen=\"true\"></iframe>'),
(94, 'Code Analysis and Manipulation', 'Learn how to analyze and manipulate Lisp code programmatically. Understand techniques for introspecting Lisp programs, extracting information from code, and performing advanced code transformations.', 2, 35, '<iframe src=\"https://embed.api.video/vod/vi2UYHtW2F5q8cfupAI3bCvl\" width=\"100%\" height=\"100%\" frameborder=\"0\" scrolling=\"no\" allowfullscreen=\"true\"></iframe>'),
(95, 'Closures and Lexical Scoping', 'Explore the concept of closures and lexical scoping in Lisp. Understand how closures capture their surrounding environment and maintain access to variables even after their defining scope has exited.', 2, 36, '<iframe src=\"https://embed.api.video/vod/vi1hOJO1ILRURr9ZnGNOUeC3\" width=\"100%\" height=\"100%\" frameborder=\"0\" scrolling=\"no\" allowfullscreen=\"true\"></iframe>'),
(96, 'Metacircular Evaluation and the Evaluator', 'Dive into metacircular evaluation, a technique that involves writing an evaluator for Lisp in Lisp itself. Learn about the internals of Lisp evaluation, symbol binding, and the evaluation of expressions.', 4, 36, 'poodle.pdf'),
(97, 'Continuations and Control Flow', 'Delve into continuations and control flow in Lisp. Understand how continuations enable non-local exits, exception handling, and backtracking. Explore advanced control flow constructs like call-with-current-continuation.', 2, 36, '<iframe src=\"https://embed.api.video/vod/vi1wCvGiQKTAeegRB8iRsXsb\" width=\"100%\" height=\"100%\" frameborder=\"0\" scrolling=\"no\" allowfullscreen=\"true\"></iframe>'),
(98, 'Multiple Dispatch and Object Systems', 'Discover Lisp\'s support for multiple dispatch and object-oriented programming. Learn about object systems like CLOS (Common Lisp Object System) and explore the concepts of classes, instances, inheritance, and generic functions.', 2, 36, '<iframe src=\"https://embed.api.video/vod/vi3IgjFUQVMwnG5yndumRiyc\" width=\"100%\" height=\"100%\" frameborder=\"0\" scrolling=\"no\" allowfullscreen=\"true\"></iframe>'),
(99, 'Macros for Domain-Specific Languages (DSLs)', 'Explore advanced macro techniques for creating domain-specific languages (DSLs) in Lisp. Learn how to design DSLs that provide expressive syntax tailored to specific problem domains and leverage macros to achieve powerful abstractions.', 2, 36, '<iframe src=\"https://embed.api.video/vod/vi12uqtIIatQO2byg6W6B9mv\" width=\"100%\" height=\"100%\" frameborder=\"0\" scrolling=\"no\" allowfullscreen=\"true\"></iframe>'),
(100, 'Symbolic Computing and Lisp', 'Learn about symbolic computing and Lisp\'s strengths in this domain. Understand how Lisp enables symbolic manipulation, symbolic algebra, and the implementation of symbolic computation systems.', 4, 36, 'poodle.pdf'),
(101, 'Setting up a TypeScript development environment', 'Walk through the process of setting up a TypeScript development environment, including installing TypeScript, configuring build tools, and integrating with popular editors and IDEs.', 4, 37, 'poodle.pdf'),
(102, 'Overview of TypeScript and its benefits', 'Explore why TypeScript is a valuable addition to JavaScript development, highlighting its static typing, tooling support, and improved code maintainability.', 4, 37, 'poodle.pdf'),
(103, 'TypeScript syntax and basic types', 'Understand the syntax of TypeScript and its basic types, such as numbers, strings, booleans, arrays, and objects.', 2, 38, '<iframe src=\"https://embed.api.video/vod/vi2UYHtW2F5q8cfupAI3bCvl\" width=\"100%\" height=\"100%\" frameborder=\"0\" scrolling=\"no\" allowfullscreen=\"true\"></iframe>'),
(104, 'Defining and using functions with TypeScript', 'Learn how to define and use functions in TypeScript, including specifying function types, working with parameters and return types, and leveraging type inference.', 2, 38, '<iframe src=\"https://embed.api.video/vod/vi2UYHtW2F5q8cfupAI3bCvl\" width=\"100%\" height=\"100%\" frameborder=\"0\" scrolling=\"no\" allowfullscreen=\"true\"></iframe>'),
(105, 'Creating and extending classes with TypeScript', 'Explore the concept of classes in TypeScript, including defining properties, methods, and constructors. Discover how to extend classes, implement interfaces, and apply access modifiers for encapsulation.', 2, 38, '<iframe src=\"https://embed.api.video/vod/vi2UYHtW2F5q8cfupAI3bCvl\" width=\"100%\" height=\"100%\" frameborder=\"0\" scrolling=\"no\" allowfullscreen=\"true\"></iframe>'),
(106, 'Using arrow functions and template literals', 'Learn how to leverage modern JavaScript features like arrow functions for concise and expressive code, and template literals for string interpolation and multi-line strings.', 2, 39, '<iframe src=\"https://embed.api.video/vod/vi2UYHtW2F5q8cfupAI3bCvl\" width=\"100%\" height=\"100%\" frameborder=\"0\" scrolling=\"no\" allowfullscreen=\"true\"></iframe>'),
(107, 'Working with modules and namespaces', 'Understand the concepts of modules and namespaces in TypeScript, and how they enable modular code organization and reusability. Explore importing and exporting modules, as well as managing namespaces for code organization.', 4, 39, 'poodle.pdf'),
(108, 'Working with complex types and type unions', 'Learn how to work with complex types in TypeScript, such as tuples, arrays, objects, and unions. Understand how to leverage type unions for flexible type definitions and handling multiple possible types', 2, 40, '<iframe src=\"https://embed.api.video/vod/vi18cHsjKIOETHeIgApuosr2\" width=\"100%\" height=\"100%\" frameborder=\"0\" scrolling=\"no\" allowfullscreen=\"true\"></iframe>'),
(109, 'Understanding the TypeScript type system', 'Gain an understanding of TypeScript\'s type system, including the benefits of static typing and type safety. Explore type annotations, type inference, and how TypeScript performs type checking.', 2, 40, '<iframe src=\"https://embed.api.video/vod/vi2TTt1A6Y1VU6LBP11w39sw\" width=\"100%\" height=\"100%\" frameborder=\"0\" scrolling=\"no\" allowfullscreen=\"true\"></iframe>'),
(110, 'Creating and implementing interfaces in TypeScript', 'Discover how interfaces allow you to define contracts for object shapes in TypeScript. Learn how to create interfaces, implement them in classes, and enforce type compatibility.', 2, 41, '<iframe src=\"https://embed.api.video/vod/vi2tdfKhVZxgorHxcJCi2Kca\" width=\"100%\" height=\"100%\" frameborder=\"0\" scrolling=\"no\" allowfullscreen=\"true\"></iframe>'),
(111, 'Leveraging generics for code reusability', 'Understand the power of generics in TypeScript for creating reusable and type-safe code. Learn how to define generic functions, classes, and interfaces, and how they provide flexibility and maintainability.', 4, 41, 'poodle.pdf'),
(112, 'What is Java?', 'Learn about Java\'s platform independence and write once, run anywhere capability.', 4, 42, 'poodle.pdf'),
(113, 'Setting up the Java Development Environment', 'Configure your development environment, including setting up Java Development Kit (JDK) and Integrated Development Environment (IDE).', 2, 42, '<iframe src=\"https://embed.api.video/vod/vi35bvCN7dB301NvOwSzosM9\" width=\"100%\" height=\"100%\" frameborder=\"0\" scrolling=\"no\" allowfullscreen=\"true\"></iframe>'),
(114, 'Java Syntax and Structure', 'Learn about variables, data types, and operators used in Java.', 2, 42, '<iframe src=\"https://embed.api.video/vod/vi5WgFTbI8ojxrzzxP2zmD9R\" width=\"100%\" height=\"100%\" frameborder=\"0\" scrolling=\"no\" allowfullscreen=\"true\"></iframe>'),
(115, 'Java Fundamentals', 'Explore fundamental programming concepts such as control flow, loops, and conditional statements.', 2, 42, '<iframe src=\"https://embed.api.video/vod/vi5qW6e3rzXXEDBR50dphpzO\" width=\"100%\" height=\"100%\" frameborder=\"0\" scrolling=\"no\" allowfullscreen=\"true\"></iframe>'),
(116, 'Introduction to Object-Oriented Programming (OOP)', 'Understand the principles of object-oriented programming and how they apply to Java.', 2, 42, '<iframe src=\"https://embed.api.video/vod/vi2SPSHIlNqCYvrxT65n7mdk\" width=\"100%\" height=\"100%\" frameborder=\"0\" scrolling=\"no\" allowfullscreen=\"true\"></iframe>'),
(117, 'Variables and Data Types', 'Learn about variables, their purpose, and how to declare and initialize them. Explore different data types in Java, including primitive types (int, double, boolean) and reference types (String, arrays). Understand the scope and lifetime of variables.', 2, 43, '<iframe src=\"https://embed.api.video/vod/vi18scJZzIybEgYy6iYrusCU\" width=\"100%\" height=\"100%\" frameborder=\"0\" scrolling=\"no\" allowfullscreen=\"true\"></iframe>'),
(118, 'Operators and Expressions', 'Discover the various operators available in Java, such as arithmetic, comparison, logical, and assignment operators. Learn how to use expressions to perform calculations and manipulate data. Understand operator precedence and how to write expressions correctly.', 2, 43, '<iframe src=\"https://embed.api.video/vod/vi4TLECeKXRErb4WhSFLNaw4\" width=\"100%\" height=\"100%\" frameborder=\"0\" scrolling=\"no\" allowfullscreen=\"true\"></iframe>'),
(119, 'Control Structures: Conditionals', 'Explore the if-else statement and its role in executing code based on conditions. Learn about the switch statement and how it simplifies multi-branch decision making. Understand how to use conditional operators (e.g., ternary operator) for concise conditional statements.', 4, 43, 'poodle.pdf'),
(120, 'Control Structures: Loops', 'Dive into loops and their importance in repetitive tasks. Learn about the while loop, do-while loop, and for loop, and when to use each one. Understand loop control statements (break and continue) and their role in altering loop execution.', 2, 43, '<iframe src=\"https://embed.api.video/vod/vi35M9crTuERPizCjZsKTaN8\" width=\"100%\" height=\"100%\" frameborder=\"0\" scrolling=\"no\" allowfullscreen=\"true\"></iframe>'),
(121, 'Input and Output', 'Learn how to interact with the user through the console for input and output operations. Understand the basic usage of the Scanner class to read user input. Explore the System.out object for displaying output and formatting text.', 4, 43, 'poodle.pdf'),
(122, 'Introduction to Object-Oriented Programming (OOP)', 'Understand the core principles and benefits of OOP. Explore the concepts of encapsulation, abstraction, inheritance, and polymorphism. Learn how OOP promotes code organization, reusability, and modularity.', 2, 44, '<iframe src=\"https://embed.api.video/vod/vi1t1C9T0jOM5kghuucPg537\" width=\"100%\" height=\"100%\" frameborder=\"0\" scrolling=\"no\" allowfullscreen=\"true\"></iframe>'),
(123, 'Classes and Objects', 'Dive into classes and objects, the building blocks of OOP in Java. Learn how to define classes, create objects, and access their properties and methods. Understand the concept of constructors and their role in object instantiation.', 2, 44, '<iframe src=\"https://embed.api.video/vod/vi4D6yVsv1gSdMeDuixe6I4\" width=\"100%\" height=\"100%\" frameborder=\"0\" scrolling=\"no\" allowfullscreen=\"true\"></iframe>'),
(124, 'Inheritance and Polymorphism', 'Explore the concept of inheritance and how it facilitates code reuse. Learn how to create class hierarchies, extend classes, and override methods. Understand the benefits of polymorphism and how it enables dynamic method dispatch.', 4, 44, 'poodle.pdf'),
(125, 'Encapsulation and Abstraction', 'Discover the principles of encapsulation and data hiding. Learn how to create encapsulated classes with private access modifiers. Understand the concept of abstraction and how to define abstract classes and methods.', 4, 44, 'poodle.pdf'),
(126, 'Interfaces and Implementations', 'Dive into interfaces and their role in achieving abstraction and multiple inheritance-like behavior. Learn how to define interfaces, implement them in classes, and utilize interface references. Understand the benefits of interfaces for achieving loose coupling and code extensibility.', 2, 44, '<iframe src=\"https://embed.api.video/vod/vi3rUoClkDpNf4Yz21XFgK5y\" width=\"100%\" height=\"100%\" frameborder=\"0\" scrolling=\"no\" allowfullscreen=\"true\"></iframe>'),
(127, 'Introduction to Exception Handling', 'Understand the concept of exceptions and their role in Java error management. Learn about the different types of exceptions, including checked and unchecked exceptions. Explore the benefits of using exception handling in your programs.', 2, 45, '<iframe src=\"https://embed.api.video/vod/viPrm0tpfrg8XV51hF20NX0\" width=\"100%\" height=\"100%\" frameborder=\"0\" scrolling=\"no\" allowfullscreen=\"true\"></iframe>'),
(128, 'Handling Exceptions with Try-Catch Blocks', 'Learn how to use try-catch blocks to handle exceptions gracefully. Understand the syntax and structure of try-catch blocks. Explore different ways of catching and handling specific types of exceptions.', 2, 45, '<iframe src=\"https://embed.api.video/vod/vi3ILYi5p42PtYPYbWlqV8qW\" width=\"100%\" height=\"100%\" frameborder=\"0\" scrolling=\"no\" allowfullscreen=\"true\"></iframe>'),
(129, 'Throwing and Creating Custom Exceptions', 'Discover how to throw exceptions to signal exceptional conditions in your code. Learn about the built-in exception classes in Java and when to use them. Gain the ability to create your own custom exception classes to handle specific scenarios.', 4, 45, 'poodle.pdf'),
(130, 'Exception Propagation and Catching Multiple Exceptions', 'Understand how exceptions propagate through method calls and call stacks. Learn about the throws keyword and how to handle exceptions at different levels. Explore techniques for catching multiple exceptions and handling them appropriately.', 4, 45, 'poodle.pdf'),
(131, 'Exception Handling Best Practices', 'Discover best practices for effective exception handling in Java. Understand how to log and report exceptions for debugging and troubleshooting. Learn techniques for graceful error recovery, resource cleanup, and program termination.', 2, 45, '<iframe src=\"https://embed.api.video/vod/vi6lFlfwjqZ9KiBT4USCUJfu\" width=\"100%\" height=\"100%\" frameborder=\"0\" scrolling=\"no\" allowfullscreen=\"true\"></iframe>'),
(132, 'Introduction to Input/Output (I/O) Operations', 'Understand the importance of I/O operations in Java and their role in data handling. Learn about the different types of streams, including byte streams and character streams. Explore the concepts of input streams and output streams.', 2, 46, '<iframe src=\"https://embed.api.video/vod/vi1BFetoCtTufpleZP3z9aC8\" width=\"100%\" height=\"100%\" frameborder=\"0\" scrolling=\"no\" allowfullscreen=\"true\"></iframe>'),
(133, 'Reading and Writing Text Files', 'Learn how to read data from text files using Java\'s FileReader and BufferedReader. Understand how to write data to text files using Java\'s FileWriter and BufferedWriter. Explore techniques for efficient reading and writing of text files.', 4, 46, 'poodle.pdf'),
(134, 'Reading and Writing Binary Files', 'Discover how to read and write binary data using Java\'s FileInputStream and FileOutputStream. Learn techniques for handling binary data, such as reading and writing primitive data types. Understand the concept of serialization and deserialization for object I/O.', 2, 46, 'poodle.pdf'),
(135, 'Working with File and Directory Operations', 'Explore Java\'s File class and its capabilities for working with files and directories. Learn how to create, delete, rename, and manipulate files and directories programmatically. Understand techniques for traversing directory structures and performing file-related operations.', 4, 46, 'poodle.pdf'),
(136, 'Network Communication and Socket Programming', 'Dive into networking concepts and understand how to perform network communication in Java. Learn about Java\'s Socket class and how to establish client-server communication. Explore techniques for reading and writing data over network sockets.', 2, 46, '<iframe src=\"https://embed.api.video/vod/vi5K81uJwx29JiuERZD3Aq0e\" width=\"100%\" height=\"100%\" frameborder=\"0\" scrolling=\"no\" allowfullscreen=\"true\"></iframe>'),
(137, 'Working with Third-Party Libraries', 'Gain insights into popular third-party libraries in the Java ecosystem. Explore libraries for various domains such as Apache Commons, Gson, Log4j, and more. Learn how to integrate and utilize these libraries to simplify your development tasks.', 4, 47, 'poodle.pdf'),
(138, 'XML Processing with Java APIs', 'Discover Java\'s XML processing APIs, such as DOM, SAX, and StAX. Learn how to parse and manipulate XML documents, extract data, and generate XML content. Explore techniques for working with XML schemas and transformations.', 2, 47, '<iframe src=\"https://embed.api.video/vod/vi7gBdwOuJlaR44zHJOOVtus\" width=\"100%\" height=\"100%\" frameborder=\"0\" scrolling=\"no\" allowfullscreen=\"true\"></iframe>'),
(139, 'Web Development with Java Servlets and JSP', 'Explore the Java Servlet API and JavaServer Pages (JSP) for web application development. Learn how to handle HTTP requests, process form data, and generate dynamic web content. Understand the Model-View-Controller (MVC) architecture for building web applications.', 2, 47, '<iframe src=\"https://embed.api.video/vod/vi4Q5aY5bCuzXqYybYQw9N9M\" width=\"100%\" height=\"100%\" frameborder=\"0\" scrolling=\"no\" allowfullscreen=\"true\"></iframe>'),
(140, 'Database Connectivity with JDBC', 'Dive into the Java Database Connectivity (JDBC) API for interacting with databases. Learn how to establish database connections, execute SQL statements, and retrieve data. Explore techniques for handling transactions and managing database resources.', 2, 47, '<iframe src=\"https://embed.api.video/vod/vi7SeccIfmLCibHG4BFSYkYD\" width=\"100%\" height=\"100%\" frameborder=\"0\" scrolling=\"no\" allowfullscreen=\"true\"></iframe>'),
(141, 'Working with Java Standard Library', 'Discover the rich set of classes and utilities available in the Java Standard Library. Explore common packages such as java.util, java.io, and java.lang. Learn how to leverage built-in functionality for tasks like collections, date and time, input/output, and more.', 4, 47, 'poodle.pdf'),
(142, 'Introduction to Java Libraries and APIs', 'Understand the concept of libraries and APIs and their significance in Java development. Learn about the benefits of using pre-built functionality from libraries. Explore the process of integrating libraries into your Java projects.', 2, 47, '<iframe src=\"https://embed.api.video/vod/vi6i2jFeFexrMJrCwbJ7VMgt\" width=\"100%\" height=\"100%\" frameborder=\"0\" scrolling=\"no\" allowfullscreen=\"true\"></iframe>'),
(143, 'Introduction to Java Best Practices', 'Understand the importance of following best practices in Java development. Learn about the benefits of writing clean, maintainable, and efficient code. Explore the principles and guidelines that underpin Java best practices.', 2, 48, '<iframe src=\"https://embed.api.video/vod/vi3JSfb4CPtKQs6ndZwxkyvN\" width=\"100%\" height=\"100%\" frameborder=\"0\" scrolling=\"no\" allowfullscreen=\"true\"></iframe>'),
(144, 'Code Formatting and Style Conventions', 'Learn about common code formatting conventions and style guidelines. Understand the significance of consistent naming conventions, indentation, and code layout. Explore tools and techniques for enforcing code formatting and style conventions.', 4, 48, 'poodle.pdf'),
(145, 'Error Handling and Exception Management', 'Discover best practices for error handling and exception management in Java. Learn how to properly handle exceptions, provide meaningful error messages, and log errors. Explore techniques for graceful error recovery and appropriate use of exception types.', 2, 48, '<iframe src=\"https://embed.api.video/vod/vi6OtMYksQQA3FYZzdvmfa5Y\" width=\"100%\" height=\"100%\" frameborder=\"0\" scrolling=\"no\" allowfullscreen=\"true\"></iframe>'),
(146, 'Design Patterns and Object-Oriented Principles', 'Explore essential design patterns and object-oriented programming principles. Understand how to apply design patterns to solve common software design problems. Learn about concepts such as encapsulation, inheritance, polymorphism, and abstraction.', 2, 48, '<iframe src=\"https://embed.api.video/vod/vi587HzEUIXmu9wBYrsCTOug\" width=\"100%\" height=\"100%\" frameborder=\"0\" scrolling=\"no\" allowfullscreen=\"true\"></iframe>'),
(147, 'Testing and Test-Driven Development (TDD)', 'Gain insights into the importance of testing and the principles of Test-Driven Development. Learn how to write effective unit tests using frameworks like JUnit. Explore techniques for test automation, test coverage, and test-driven development practices.', 2, 48, '<iframe src=\"https://embed.api.video/vod/vi205houFZKsHivDPKehHh9I\" width=\"100%\" height=\"100%\" frameborder=\"0\" scrolling=\"no\" allowfullscreen=\"true\"></iframe>'),
(153, 'Functions in Julia', 'Defining and calling functions in Julia. Passing arguments to functions and returning values. Exploring function signatures, multiple dispatch, and method overloading.', 4, 50, 'poodle.pdf'),
(154, 'Conditional Statements: if-else', 'Understanding the if-else statement syntax in Julia. Writing conditional expressions and executing different code blocks based on conditions. Handling multiple conditions and nested if-else statements.', 2, 50, '<iframe src=\"https://embed.api.video/vod/vi4ts4KJ7sWv0Q6s9xIUiA8T\" width=\"100%\" height=\"100%\" frameborder=\"0\" scrolling=\"no\" allowfullscreen=\"true\"></iframe>'),
(155, 'Switch-Case Statements', 'Exploring the switch-case statement syntax in Julia. Using switch-case to execute different code blocks based on the value of a variable. Handling multiple cases and implementing default behavior.', 2, 50, '<iframe src=\"https://embed.api.video/vod/viqJZHsfGTiqckZI658kKy5\" width=\"100%\" height=\"100%\" frameborder=\"0\" scrolling=\"no\" allowfullscreen=\"true\"></iframe>'),
(156, 'Iteration with for Loops', 'Introduction to for loops in Julia. Understanding the syntax for iterating over collections, ranges, and sequences. Performing actions on each iteration and utilizing loop variables.', 2, 50, '<iframe src=\"https://embed.api.video/vod/vi6VXEwfdtwpGFw1U1sGRRSf\" width=\"100%\" height=\"100%\" frameborder=\"0\" scrolling=\"no\" allowfullscreen=\"true\"></iframe>'),
(157, 'Iteration with while Loops', 'Learning the syntax for while loops in Julia. Defining loop conditions and controlling loop execution. Implementing break and continue statements within while loops.', 5, 50, '<iframe src=\"https://embed.api.video/vod/vi5gH83OgLPu223gp05P7fOJ\" width=\"100%\" height=\"100%\" frameborder=\"0\" scrolling=\"no\" allowfullscreen=\"true\"></iframe>'),
(158, 'Loop Control and Optimization Techniques', 'Exploring loop control mechanisms like break and continue statements. Optimizing loop performance through techniques such as loop unrolling and preallocation. Understanding common pitfalls and best practices for efficient looping in Julia.', 2, 50, '<iframe src=\"https://embed.api.video/vod/vi69mAn41kyMTyw4FBtVo3HE\" width=\"100%\" height=\"100%\" frameborder=\"0\" scrolling=\"no\" allowfullscreen=\"true\"></iframe>'),
(159, 'Introduction to Arrays and Matrices', 'Understanding the concepts of arrays and matrices in Julia. Differentiating between one-dimensional arrays, multidimensional arrays, and matrices. Exploring the advantages and use cases of arrays and matrices in scientific computing.', 2, 51, '<iframe src=\"https://embed.api.video/vod/vi4om54RkUYRANNyOU77cXWc\" width=\"100%\" height=\"100%\" frameborder=\"0\" scrolling=\"no\" allowfullscreen=\"true\"></iframe>'),
(160, 'Creating Arrays and Matrices', 'Creating arrays and matrices using literal syntax in Julia. Initializing arrays and matrices with specific values or predefined patterns. Understanding the available functions and constructors for creating arrays and matrices.', 2, 51, '<iframe src=\"https://embed.api.video/vod/vi1yDIQgL4GLbEBg7YLV5O7o\" width=\"100%\" height=\"100%\" frameborder=\"0\" scrolling=\"no\" allowfullscreen=\"true\"></iframe>'),
(161, 'Accessing and Modifying Elements', 'Indexing arrays and matrices to access specific elements. Exploring indexing conventions for one-dimensional and multidimensional arrays. Modifying array and matrix elements using indexing and assignment.', 2, 51, '<iframe src=\"https://embed.api.video/vod/vi5uCZ0xJUS2G2MlZukc43po\" width=\"100%\" height=\"100%\" frameborder=\"0\" scrolling=\"no\" allowfullscreen=\"true\"></iframe>'),
(162, 'Array Operations and Broadcasting', 'Performing mathematical operations on arrays and matrices. Understanding element-wise operations and broadcasting in Julia. Exploring built-in functions and operators for array computations.', 2, 51, '<iframe src=\"https://embed.api.video/vod/vi4GNlzK8vddhj7PJn9Oaxmp\" width=\"100%\" height=\"100%\" frameborder=\"0\" scrolling=\"no\" allowfullscreen=\"true\"></iframe>'),
(163, 'Slicing and Reshaping Arrays', 'Extracting subsets of arrays using slicing techniques. Reshaping arrays and matrices to change their dimensions. Understanding the concepts of views and copying in Julia.', 5, 51, 'poodle.pdf'),
(164, 'Common Array Operations and Functions', 'Exploring common operations and functions available for array manipulation. Sorting, searching, and manipulating array elements. Utilizing functions for array statistics, linear algebra, and element-wise transformations.', 2, 51, '<iframe src=\"https://embed.api.video/vod/vi6Xdub4qUd9IlTXtNjUBOlH\" width=\"100%\" height=\"100%\" frameborder=\"0\" scrolling=\"no\" allowfullscreen=\"true\"></iframe>'),
(165, 'Numerical Computing with Julia', 'Overview of numerical computing and its importance in scientific applications. Exploring Julia\'s built-in mathematical functions for numerical computations. Understanding numerical precision, rounding, and handling floating-point arithmetic.', 2, 52, '<iframe src=\"https://embed.api.video/vod/vi1hwQmmrcbXx55PylbOE48p\" width=\"100%\" height=\"100%\" frameborder=\"0\" scrolling=\"no\" allowfullscreen=\"true\"></iframe>'),
(166, 'Linear Algebra Fundamentals', 'Introduction to linear algebra concepts and terminology. Understanding vectors, matrices, and their properties. Exploring matrix operations, including addition, subtraction, multiplication, and transposition.', 2, 52, '<iframe src=\"https://embed.api.video/vod/viGF85CgbapzcmXAEw9gMry\" width=\"100%\" height=\"100%\" frameborder=\"0\" scrolling=\"no\" allowfullscreen=\"true\"></iframe>'),
(167, 'Matrix Operations in Julia', 'Performing matrix computations using Julia\'s built-in functions. Implementing matrix multiplication, element-wise operations, and matrix exponentiation. Applying matrix transformations, such as rotation, scaling, and translation.', 2, 52, '<iframe src=\"https://embed.api.video/vod/vi48tWL8SK12fKCz16VQQCcS\" width=\"100%\" height=\"100%\" frameborder=\"0\" scrolling=\"no\" allowfullscreen=\"true\"></iframe>'),
(168, 'Solving Systems of Linear Equations', 'Understanding systems of linear equations and their solutions. Implementing Gaussian elimination and LU decomposition methods in Julia. Solving systems of linear equations using Julia\'s linear algebra functions.', 4, 52, 'poodle.pdf'),
(169, 'Eigenvalues and Eigenvectors', 'Exploring the concepts of eigenvalues and eigenvectors. Calculating eigenvalues and eigenvectors using Julia\'s linear algebra capabilities. Understanding the applications of eigenvalues and eigenvectors in various domains.', 2, 52, '<iframe src=\"https://embed.api.video/vod/vixwwXyYtEsooA1kvsXfVBX\" width=\"100%\" height=\"100%\" frameborder=\"0\" scrolling=\"no\" allowfullscreen=\"true\"></iframe>'),
(170, 'Singular Value Decomposition (SVD)', 'Understanding the singular value decomposition and its significance. Performing SVD on matrices using Julia\'s linear algebra functions. Applying SVD in applications such as image compression and data analysis.', 4, 52, 'poodle.pdf'),
(171, 'Numerical Libraries and Packages', 'Introduction to popular numerical libraries and packages in Julia. Exploring libraries for linear algebra, optimization, interpolation, and more. Leveraging external packages to extend Julia\'s numerical computing capabilities.', 2, 52, '<iframe src=\"https://embed.api.video/vod/vi5xA1nPQEvJiZlM9ayA3Rtw\" width=\"100%\" height=\"100%\" frameborder=\"0\" scrolling=\"no\" allowfullscreen=\"true\"></iframe>'),
(173, 'Introduction to Statistical Analysis', 'Overview of statistical analysis and its role in data-driven decision making. Understanding statistical concepts, such as population, sample, variables, and distributions. Exploring data exploration techniques, including descriptive statistics and data visualization.', 2, 53, '<iframe src=\"https://embed.api.video/vod/vi2IykNAzeAkwIRUl644zkcS\" width=\"100%\" height=\"100%\" frameborder=\"0\" scrolling=\"no\" allowfullscreen=\"true\"></iframe>'),
(174, 'Exploratory Data Analysis (EDA)', 'Performing data preprocessing and cleaning tasks using Julia. Visualizing data using statistical plots, histograms, and scatter plots. Analyzing data patterns, identifying outliers, and detecting correlations.', 2, 53, '<iframe src=\"https://embed.api.video/vod/viNZUmw0LIie82XeYz0K9oh\" width=\"100%\" height=\"100%\" frameborder=\"0\" scrolling=\"no\" allowfullscreen=\"true\"></iframe>'),
(175, 'Statistical Modeling and Inference', 'Implementing statistical models in Julia, such as linear regression and logistic regression. Evaluating model performance using appropriate metrics. Conducting hypothesis testing and interpreting statistical significance.', 2, 53, '<iframe src=\"https://embed.api.video/vod/viOVno5BshCOWH01vqPfzy4\" width=\"100%\" height=\"100%\" frameborder=\"0\" scrolling=\"no\" allowfullscreen=\"true\"></iframe>'),
(176, 'Supervised Machine Learning', 'Introduction to supervised machine learning algorithms. Implementing algorithms for regression, classification, and ensemble methods. Training and evaluating models using cross-validation techniques.', 2, 53, '<iframe src=\"https://embed.api.video/vod/vi4YsAfCcaOqsFLVz6zMTwVx\" width=\"100%\" height=\"100%\" frameborder=\"0\" scrolling=\"no\" allowfullscreen=\"true\"></iframe>'),
(177, 'Unsupervised Machine Learning', 'Exploring unsupervised learning techniques, including clustering and dimensionality reduction. Implementing algorithms such as k-means clustering and principal component analysis (PCA). Assessing clustering quality and visualizing high-dimensional data.', 2, 53, '<iframe src=\"https://embed.api.video/vod/vi2aGhdnT8s7cFHXxxTP0f3h\" width=\"100%\" height=\"100%\" frameborder=\"0\" scrolling=\"no\" allowfullscreen=\"true\"></iframe>'),
(178, 'Advanced Topics in Machine Learning', 'Delving into advanced machine learning concepts and algorithms. Exploring topics such as support vector machines (SVM), decision trees, and random forests. Understanding techniques for model evaluation, feature selection, and hyperparameter tuning.', 2, 53, '<iframe src=\"https://embed.api.video/vod/vi4CceDyglkyfDzWcu9UqYAz\" width=\"100%\" height=\"100%\" frameborder=\"0\" scrolling=\"no\" allowfullscreen=\"true\"></iframe>'),
(179, 'Machine Learning Libraries in Julia', 'Overview of popular machine learning libraries and frameworks in Julia. Utilizing libraries for deep learning, natural language processing, and reinforcement learning. Leveraging Julia\'s parallel computing capabilities for scalable machine learning tasks.', 2, 53, '<iframe src=\"https://embed.api.video/vod/vi70eouZX2M2SOu4mSWNQuiB\" width=\"100%\" height=\"100%\" frameborder=\"0\" scrolling=\"no\" allowfullscreen=\"true\"></iframe>'),
(180, 'What is C#?', 'Overview of the C# programming language and its key features. Importance and popularity of C# in software development.', 2, 54, '<iframe src=\"https://embed.api.video/vod/vi60tmKtA287F2LYxrSxBuwV\" width=\"100%\" height=\"100%\" frameborder=\"0\" scrolling=\"no\" allowfullscreen=\"true\"></iframe>'),
(182, 'Setting up the Development Environment', 'Installing and configuring Visual Studio, the integrated development environment (IDE) for C#. Creating a new C# project and exploring the project structure.', 2, 54, '<iframe src=\"https://embed.api.video/vod/vi12NOlDRiI88XEW1twqchmh\" width=\"100%\" height=\"100%\" frameborder=\"0\" scrolling=\"no\" allowfullscreen=\"true\"></iframe>'),
(183, 'C# Syntax and Structure', 'Understanding the basic syntax rules of C# programming. Exploring data types, variables, and constants in C#. Declaring and using variables to store and manipulate data.', 4, 54, 'poodle.pdf'),
(184, 'Control Flow and Decision Making', 'Introducing control flow statements, such as if-else, switch-case, and ternary operators. Writing conditional statements to control the flow of program execution.', 2, 54, '<iframe src=\"https://embed.api.video/vod/viPAxavYLymDKTJNTy52R4Y\" width=\"100%\" height=\"100%\" frameborder=\"0\" scrolling=\"no\" allowfullscreen=\"true\"></iframe>'),
(185, 'Loops and Iteration', 'Understanding different types of loops in C#, including for, while, and do-while loops. Using loops to repeat a block of code for a specified number of times or until a certain condition is met.', 4, 54, '<iframe src=\"https://embed.api.video/vod/vi7F4F3qpQ0tL6MHZAztrwbF\" width=\"100%\" height=\"100%\" frameborder=\"0\" scrolling=\"no\" allowfullscreen=\"true\"></iframe>'),
(186, 'Input and Output Operations', 'Reading input from the user using the Console class. Displaying output to the console window using the Console class.', 2, 54, '<iframe src=\"https://embed.api.video/vod/vi7CWfdHNc09YBRDhRx0P9QV\" width=\"100%\" height=\"100%\" frameborder=\"0\" scrolling=\"no\" allowfullscreen=\"true\"></iframe>'),
(187, 'Introduction to Visual Studio', 'Overview of Visual Studio, a powerful integrated development environment (IDE) for C# development. Understanding the features and benefits of using Visual Studio for C# programming.', 2, 55, '<iframe src=\"https://embed.api.video/vod/vi36mW1pgXcPeoMReHlK9Bci\" width=\"100%\" height=\"100%\" frameborder=\"0\" scrolling=\"no\" allowfullscreen=\"true\"></iframe>'),
(188, 'Installing Visual Studio', 'Step-by-step guide to downloading and installing Visual Studio on your computer. Choosing the appropriate version of Visual Studio based on your needs.', 4, 55, 'poodle.pdf'),
(189, 'Tour of the Visual Studio Interface', 'Familiarizing yourself with the different components of the Visual Studio IDE. Exploring the main menu, toolbar, solution explorer, code editor, and other essential windows.', 2, 55, '<iframe src=\"https://embed.api.video/vod/vi5ZlAOCIArC3Woz9P5JGHVm\" width=\"100%\" height=\"100%\" frameborder=\"0\" scrolling=\"no\" allowfullscreen=\"true\"></iframe>'),
(190, 'Creating a New C# Project', 'Creating a new C# project in Visual Studio. Selecting the project template and setting project properties.', 2, 55, '<iframe src=\"https://embed.api.video/vod/vioXx3cdfQ233GmATSim6wb\" width=\"100%\" height=\"100%\" frameborder=\"0\" scrolling=\"no\" allowfullscreen=\"true\"></iframe>'),
(191, 'Understanding the Solution Structure', 'Exploring the solution structure in Visual Studio. Understanding the role of solution files, project files, and folders.', 2, 55, '<iframe src=\"https://embed.api.video/vod/vi5WZtTZNwQSiHUTFBLlkJ49\" width=\"100%\" height=\"100%\" frameborder=\"0\" scrolling=\"no\" allowfullscreen=\"true\"></iframe>'),
(192, 'Navigating and Managing Code Files', 'Learning useful navigation techniques within code files using Visual Studio. Renaming, moving, and organizing code files within the project.', 2, 55, '<iframe src=\"https://embed.api.video/vod/vi1dYuhiX4CXi69j9VjI575I\" width=\"100%\" height=\"100%\" frameborder=\"0\" scrolling=\"no\" allowfullscreen=\"true\"></iframe>'),
(193, 'Using the Code Editor', 'Utilizing the features of the Visual Studio code editor for efficient coding. Exploring code completion, IntelliSense, code formatting, and other productivity-enhancing tools.', 4, 55, 'poodle.pdf'),
(194, 'Variables and Data Types', 'Explaining the concept of variables and their role in storing data in C#. Introducing different data types in C#, such as integer, floating-point, string, boolean, and more. Declaring variables and assigning values using appropriate data types.', 2, 56, '<iframe src=\"https://embed.api.video/vod/viiSVGiFTmUV0jYpNCdwQFh\" width=\"100%\" height=\"100%\" frameborder=\"0\" scrolling=\"no\" allowfullscreen=\"true\"></iframe>'),
(195, 'Operators and Expressions', 'Understanding arithmetic, relational, logical, and assignment operators in C#. Using operators to perform mathematical calculations and make comparisons. Constructing expressions by combining variables, literals, and operators.', 2, 56, '<iframe src=\"https://embed.api.video/vod/vi7hrHCq4NtWeksSjiNNRcyY\" width=\"100%\" height=\"100%\" frameborder=\"0\" scrolling=\"no\" allowfullscreen=\"true\"></iframe>'),
(196, 'Type Conversion and Casting', 'Exploring the concept of type conversion in C#. Converting values between different data types explicitly and implicitly. Performing type casting to convert a value of one type into another.', 2, 56, '<iframe src=\"https://embed.api.video/vod/vi7aSA7Fmuc5fTqR0FBVD1iE\" width=\"100%\" height=\"100%\" frameborder=\"0\" scrolling=\"no\" allowfullscreen=\"true\"></iframe>'),
(197, 'Strings and String Manipulation', 'Working with strings in C#, including string literals and escape sequences. Performing string concatenation, interpolation, and manipulation using string methods. Understanding common string operations, such as substring extraction and searching.', 2, 56, '<iframe src=\"https://embed.api.video/vod/viuAVFaUy3lPKSljGotZx6z\" width=\"100%\" height=\"100%\" frameborder=\"0\" scrolling=\"no\" allowfullscreen=\"true\"></iframe>'),
(198, 'Control Structures: Conditional Statements', 'Using conditional statements, such as if-else and switch-case, to control program flow based on conditions. Writing conditional statements to make decisions and execute specific code blocks.', 5, 56, 'poodle.pdf'),
(199, 'Control Structures: Loops and Iteration', 'Introducing loops in C#, including for, while, and do-while loops. Using loops to repeatedly execute a block of code until a specific condition is met. Controlling loop behavior with loop control statements like break and continue.', 5, 56, 'poodle.pdf'),
(200, 'Introduction to Control Flow', 'Understanding the concept of control flow in programming. Exploring how control flow affects the order of statement execution.', 2, 57, '<iframe src=\"https://embed.api.video/vod/viMznXiXMgaM6y5hWdN636O\" width=\"100%\" height=\"100%\" frameborder=\"0\" scrolling=\"no\" allowfullscreen=\"true\"></iframe>'),
(201, 'Conditional Statements: if-else', 'Using the if-else statement to make decisions based on conditions. Writing conditional expressions and executing different code blocks accordingly.', 2, 57, '<iframe src=\"https://embed.api.video/vod/vi35TuSlDOZL10RSvkEwvfgH\" width=\"100%\" height=\"100%\" frameborder=\"0\" scrolling=\"no\" allowfullscreen=\"true\"></iframe>'),
(202, 'Conditional Statements: switch-case', 'Introducing the switch-case statement as an alternative to multiple if-else statements. Writing switch statements to perform different actions based on the value of a variable or expression.', 2, 57, '<iframe src=\"https://embed.api.video/vod/vi32P7bAJCVGi7xjsKX5uxOG\" width=\"100%\" height=\"100%\" frameborder=\"0\" scrolling=\"no\" allowfullscreen=\"true\"></iframe>'),
(203, 'Logical Operators', 'Understanding logical operators, including AND (&&), OR (||), and NOT (!). Applying logical operators to combine conditions and control the flow of execution.', 4, 57, '<iframe src=\"https://embed.api.video/vod/vi70EYhzaa9rJNO3DYZEpxuI\" width=\"100%\" height=\"100%\" frameborder=\"0\" scrolling=\"no\" allowfullscreen=\"true\"></iframe>'),
(204, 'Comparison Operators', 'Exploring comparison operators, such as equals (==), not equals (!=), greater than (>), less than (<), and more. Using comparison operators to evaluate conditions and make decisions.', 4, 57, 'poodle.pdf'),
(205, 'Nested Conditional Statements', 'Utilizing nested if-else statements to handle complex decision-making scenarios. Understanding how nesting conditional statements can provide more precise control flow.', 4, 57, 'poodle.pdf'),
(206, 'Ternary Operator', 'Introducing the ternary operator (?:) as a shorthand notation for if-else statements. Using the ternary operator to assign values or make simple decisions in a concise manner.', 2, 57, '<iframe src=\"https://embed.api.video/vod/vi7PrIYTK3ESrn6ptmrsjTQm\" width=\"100%\" height=\"100%\" frameborder=\"0\" scrolling=\"no\" allowfullscreen=\"true\"></iframe>'),
(207, 'Introduction to Object-Oriented Programming (OOP)', 'Understanding the principles and concepts of object-oriented programming. Exploring the benefits of using OOP in software development.', 2, 58, '<iframe src=\"https://embed.api.video/vod/vi6TFkVB5X1la31erEKvH50A\" width=\"100%\" height=\"100%\" frameborder=\"0\" scrolling=\"no\" allowfullscreen=\"true\"></iframe>'),
(208, 'Classes and Objects', 'Defining classes as blueprints for creating objects with shared characteristics and behaviors. Instantiating objects from classes and accessing their properties and methods.', 2, 58, '<iframe src=\"https://embed.api.video/vod/vi4ZX4dqphhVng5ynYjjhdCl\" width=\"100%\" height=\"100%\" frameborder=\"0\" scrolling=\"no\" allowfullscreen=\"true\"></iframe>'),
(209, 'Encapsulation and Data Hiding', 'Understanding encapsulation as a mechanism to hide the internal details of a class and expose only necessary interfaces. Implementing access modifiers (public, private, protected) to control the visibility and accessibility of class members.', 4, 58, 'poodle.pdf'),
(210, 'Inheritance', 'Exploring inheritance as a mechanism for creating new classes based on existing ones. Implementing class hierarchies and leveraging inheritance to reuse and extend code.', 2, 58, '<iframe src=\"https://embed.api.video/vod/vi6MWNxBqKCRA9HzdGz1ZPET\" width=\"100%\" height=\"100%\" frameborder=\"0\" scrolling=\"no\" allowfullscreen=\"true\"></iframe>'),
(211, 'Polymorphism', 'Understanding polymorphism as the ability of objects to take on different forms or behaviors. Implementing polymorphism through method overriding and interfaces.', 2, 58, '<iframe src=\"https://embed.api.video/vod/vi6xNkDQPUuLJ1zquAtZyddY\" width=\"100%\" height=\"100%\" frameborder=\"0\" scrolling=\"no\" allowfullscreen=\"true\"></iframe>'),
(212, 'Abstraction', 'Understanding abstraction as a way to represent essential features of an object and hide unnecessary details. Creating abstract classes and interfaces to define common characteristics and behaviors.', 4, 58, 'poodle.pdf'),
(213, 'Introduction to Exception Handling', 'Understanding the concept of exceptions and their role in handling errors. Exploring the importance of exception handling for writing robust and reliable code.', 4, 59, 'poodle.pdf'),
(214, 'Types of Exceptions', 'Understanding different types of exceptions, such as system exceptions, application exceptions, and custom exceptions. Identifying common exception classes in C# and their purposes.', 2, 59, '<iframe src=\"https://embed.api.video/vod/viAqRPt3PtX4NM1Rkf7izit\" width=\"100%\" height=\"100%\" frameborder=\"0\" scrolling=\"no\" allowfullscreen=\"true\"></iframe>'),
(215, 'Handling Exceptions: try-catch Block', 'Implementing the try-catch block to catch and handle exceptions in C#. Writing code within the try block that may throw exceptions and defining catch blocks to handle specific exception types.', 2, 59, '<iframe src=\"https://embed.api.video/vod/vi4QKcBdKiZbAqSYmIQ5Iwn\" width=\"100%\" height=\"100%\" frameborder=\"0\" scrolling=\"no\" allowfullscreen=\"true\"></iframe>'),
(216, 'Multiple catch Blocks and Exception Filters', 'Using multiple catch blocks to handle different types of exceptions. Applying exception filters to selectively catch specific exceptions based on additional conditions.', 2, 59, '<iframe src=\"https://embed.api.video/vod/vi6M5B6iv13DxPzYcMfLYroe\" width=\"100%\" height=\"100%\" frameborder=\"0\" scrolling=\"no\" allowfullscreen=\"true\"></iframe>'),
(217, 'Finally Block and Resource Cleanup', 'Understanding the role of the finally block in exception handling. Using the finally block to perform resource cleanup or execute code that should always run, regardless of whether an exception occurs.', 4, 59, 'poodle.pdf'),
(218, 'Welcome to Rust Programming', 'In this section, you will be introduced to the exciting world of Rust programming. We will start by understanding the key features and benefits of Rust as a modern systems programming language. You will learn about Rust\'s origins, its design goals, and its growing popularity in the software development community. We will also explore the Rust ecosystem and the resources available to help you on your Rust programming journey.', 2, 60, '<iframe src=\"https://embed.api.video/vod/viZFvCd7FUW35ExtlZPOool\" width=\"100%\" height=\"100%\" frameborder=\"0\" scrolling=\"no\" allowfullscreen=\"true\"></iframe>'),
(219, 'Setting Up Rust Development Environment', 'Before diving into Rust programming, it is essential to set up your development environment. In this part, we will guide you through the process of installing Rust and configuring your development environment. We will cover various Rust toolchains, package managers, and code editors that will enhance your productivity while working with Rust.', 2, 60, '<iframe src=\"https://embed.api.video/vod/vi6c8YvMPfEVqVb5xJuLCnpe\" width=\"100%\" height=\"100%\" frameborder=\"0\" scrolling=\"no\" allowfullscreen=\"true\"></iframe>'),
(220, 'Your First Rust Program', 'It\'s time to write your first Rust program! We will walk you through the process of creating a simple \"Hello, World!\" program in Rust. You will learn about the basic syntax, structure, and conventions of Rust code. We will also explain how to compile and run Rust programs, and introduce you to the Cargo build system, which simplifies managing dependencies and building projects in Rust.', 2, 60, '<iframe src=\"https://embed.api.video/vod/vi3VfbPlaMz8CDqEMCCN7vPq\" width=\"100%\" height=\"100%\" frameborder=\"0\" scrolling=\"no\" allowfullscreen=\"true\"></iframe>'),
(221, 'Understanding Rust\'s Ownership Model', 'One of the key aspects that sets Rust apart is its unique ownership model. In this section, we will delve into the concept of ownership, borrowing, and lifetimes in Rust. You will understand how Rust\'s ownership model ensures memory safety and eliminates common programming errors like null pointer dereferences and data races. We will explore the rules and principles of ownership and demonstrate how to work with references and smart pointers in Rust.', 4, 60, 'poodle.pdf'),
(222, 'Exploring Rust\'s Core Features', 'Rust offers a rich set of core features that make it a powerful and expressive language. In this part, we will introduce you to some of these features, such as pattern matching, enums, structs, and error handling. You will learn how to leverage pattern matching to handle different scenarios, create custom data types using enums and structs, and effectively handle errors in Rust using the Result and Option types.', 4, 60, 'poodle.pdf'),
(223, 'Rust Syntax and Data Types', 'Learn about Rust\'s syntax and data types, including variables, primitive types (integers, floats, booleans, characters), and compound types (arrays, tuples, slices).', 4, 61, 'poodle.pdf'),
(224, 'Control Flow and Loops', 'Explore Rust\'s control flow statements for decision making (if-else, match) and repetition (loops). Learn how to conditionally execute code and create loops using while and for constructs.', 2, 61, '<iframe src=\"https://embed.api.video/vod/vi3nSBD3gKUEyjJPDqwDVBkS\" width=\"100%\" height=\"100%\" frameborder=\"0\" scrolling=\"no\" allowfullscreen=\"true\"></iframe>'),
(225, 'Ownership and Borrowing', 'Rust\'s ownership system is a unique feature that ensures memory safety and prevents common programming errors. In this part, you will delve into the concept of ownership and borrowing in Rust. ', 2, 61, '<iframe src=\"https://embed.api.video/vod/vi6fpGjslHKAX1W65rqig5o6\" width=\"100%\" height=\"100%\" frameborder=\"0\" scrolling=\"no\" allowfullscreen=\"true\"></iframe>'),
(226, 'Error Handling and Result Type', 'Rust provides robust error handling mechanisms to handle and propagate errors effectively. In this section, you will learn about Rust\'s Result type and how to handle errors using the match and ? operator. We will explore the Option type for handling optional values and discuss common error handling patterns in Rust.', 2, 61, '<iframe src=\"https://embed.api.video/vod/vi77yrvovnS8341Bw5cdcWyd\" width=\"100%\" height=\"100%\" frameborder=\"0\" scrolling=\"no\" allowfullscreen=\"true\"></iframe>'),
(227, 'Structs and Enums', 'Structs and enums are powerful constructs for defining custom data types in Rust. In this part, you will learn how to create and use structs to represent complex data structures. We will also cover enums, which allow you to define types with multiple possible variants. ', 2, 61, '<iframe src=\"https://embed.api.video/vod/vi4huuCVmb3MjoHR5TEYWi0I\" width=\"100%\" height=\"100%\" frameborder=\"0\" scrolling=\"no\" allowfullscreen=\"true\"></iframe>'),
(228, 'Generics and Traits', 'Rust\'s generics and traits provide a flexible and reusable way to write generic code that can work with different types. In this section, you will explore how to define generic functions, structs, and enums in Rust. ', 2, 61, '<iframe src=\"https://embed.api.video/vod/vi5800jvbQ1PBfY3V6DVHYk5\" width=\"100%\" height=\"100%\" frameborder=\"0\" scrolling=\"no\" allowfullscreen=\"true\"></iframe>'),
(229, 'Introduction to Concurrency', 'In this section, we will introduce you to the concepts of concurrency and parallelism in Rust. You will learn about the benefits of concurrent programming and how Rust enables safe concurrent execution.', 2, 62, '<iframe src=\"https://embed.api.video/vod/viH3IbgxWmrW1IvHQD0DzKx\" width=\"100%\" height=\"100%\" frameborder=\"0\" scrolling=\"no\" allowfullscreen=\"true\"></iframe>'),
(230, 'Thread Synchronization', 'Effective coordination and synchronization between threads are crucial for correct and efficient concurrent programs. In this part, we will explore various synchronization primitives provided by Rust, such as mutexes, condition variables, and semaphores.', 4, 62, 'poodle.pdf'),
(231, 'Message Passing', 'Message passing is a popular communication mechanism in concurrent systems, and Rust provides powerful abstractions for message passing between threads. In this section, you will learn about Rust\'s channels and message passing patterns. ', 2, 62, '<iframe src=\"https://embed.api.video/vod/vi68M20EO2yoisiBVPCqpgpn\" width=\"100%\" height=\"100%\" frameborder=\"0\" scrolling=\"no\" allowfullscreen=\"true\"></iframe>'),
(232, 'Shared State Concurrency', 'Sharing mutable state between concurrent threads introduces challenges and potential data races. Rust\'s ownership system and unique borrowing rules provide a safe approach to shared state concurrency. ', 2, 62, '<iframe src=\"https://embed.api.video/vod/vi4CA8yIL722rkF2asuQqqh\" width=\"100%\" height=\"100%\" frameborder=\"0\" scrolling=\"no\" allowfullscreen=\"true\"></iframe>'),
(233, 'Asynchronous Programming', 'Asynchronous programming allows for efficient handling of I/O operations and responsiveness in concurrent systems. In this section, you will discover Rust\'s async/await syntax and its support for asynchronous programming. You will learn how to write non-blocking, asynchronous code using Rust\'s async runtime and popular libraries like Tokio.', 2, 62, '<iframe src=\"https://embed.api.video/vod/vi33QulB5R2DljBbu9uEzXoF\" width=\"100%\" height=\"100%\" frameborder=\"0\" scrolling=\"no\" allowfullscreen=\"true\"></iframe>'),
(234, 'Understanding Performance in Rust', 'This section will provide you with a solid foundation in understanding performance considerations in Rust. You will learn about the key factors that impact performance, including memory management, data structures, algorithmic complexity, and code optimization techniques. We will explore how to measure and analyze performance in Rust programs.', 2, 63, '<iframe src=\"https://embed.api.video/vod/vi7VIV4qiniw7fc0fCFBtn60\" width=\"100%\" height=\"100%\" frameborder=\"0\" scrolling=\"no\" allowfullscreen=\"true\"></iframe>'),
(235, 'Memory Management and Allocation', 'Memory management plays a crucial role in achieving high-performance code. In this part, you will delve into Rust\'s memory management model, including stack and heap allocations. You will learn how to minimize unnecessary memory allocations, efficiently manage memory lifetimes using ownership and borrowing, and leverage Rust\'s built-in memory management features like arenas and object pools.', 2, 63, '<iframe src=\"https://embed.api.video/vod/viWMDRjAN16Gw0pGAgo68Fz\" width=\"100%\" height=\"100%\" frameborder=\"0\" scrolling=\"no\" allowfullscreen=\"true\"></iframe>'),
(236, 'Optimizing Data Structures and Algorithms', 'The choice of data structures and algorithms greatly impacts the performance of your code. In this section, we will discuss techniques for selecting and optimizing data structures and algorithms in Rust. You will explore various collections provided by the standard library and third-party crates, and learn how to choose the most efficient data structure for your specific use case.', 4, 63, 'poodle.pdf'),
(237, 'Low-Level Programming with Unsafe Rust', 'Sometimes, achieving optimal performance may require diving into unsafe Rust. In this part, you will learn about the unsafe keyword and how to use it responsibly to write low-level, performance-critical code. We will cover topics such as raw pointers, unsafe functions, and unsafe code patterns. You will understand how to leverage unsafe Rust to gain fine-grained control over memory and achieve maximum performance.', 4, 63, 'poodle.pdf'),
(238, 'Parallel and Concurrent Programming', 'Parallel and concurrent programming can significantly improve the performance of your applications, especially in modern multi-core environments. In this section, you will learn advanced techniques for parallelism and concurrency in Rust. We will explore parallelizing algorithms, leveraging thread pools, utilizing data parallelism, and utilizing Rust\'s concurrency primitives effectively.', 2, 63, '<iframe src=\"https://embed.api.video/vod/vixOxhOFTg4WsuhqcYQRsWg\" width=\"100%\" height=\"100%\" frameborder=\"0\" scrolling=\"no\" allowfullscreen=\"true\"></iframe>'),
(239, 'Profiling and Optimization', 'Profiling and optimizing your code are essential steps in achieving high-performance Rust programs. In this part, you will learn how to profile your code using tools like profilers and benchmarks. We will explore common optimization techniques and Rust-specific optimizations to improve the speed and efficiency of your programs.', 2, 63, '<iframe src=\"https://embed.api.video/vod/vi6IXzhwtOlWOKs3Sy2MhP9k\" width=\"100%\" height=\"100%\" frameborder=\"0\" scrolling=\"no\" allowfullscreen=\"true\"></iframe>'),
(240, 'Introduction to Robustness and Safety', 'This section will provide an overview of the importance of building robust and safe systems in Rust. You will learn about the key principles and practices for writing reliable and resilient code. We will explore error handling strategies, defensive programming techniques, and how to handle unexpected situations gracefully in Rust.', 2, 64, '<iframe src=\"https://embed.api.video/vod/vi5mhCzWOp9aoMgvLM8iWBOf\" width=\"100%\" height=\"100%\" frameborder=\"0\" scrolling=\"no\" allowfullscreen=\"true\"></iframe>'),
(241, 'Error Handling and Result Types', 'Error handling is a critical aspect of building robust systems. In this part, you will learn about Rust\'s robust error handling mechanism using Result types. We will cover the basics of handling and propagating errors, using the ? operator for concise error handling, and implementing custom error types for better error reporting and recovery.', 2, 64, '<iframe src=\"https://embed.api.video/vod/vi39lJzrdV1EwAQ5DmeWzSnP\" width=\"100%\" height=\"100%\" frameborder=\"0\" scrolling=\"no\" allowfullscreen=\"true\"></iframe>'),
(242, 'Defensive Programming and Assertions', 'Defensive programming helps to prevent and handle unexpected situations in your code. In this section, you will learn defensive programming techniques in Rust, including input validation, boundary checks, and defensive coding patterns. We will explore how to use assertions effectively to catch and handle errors during development and testing.', 2, 64, '<iframe src=\"https://embed.api.video/vod/vi8m76UQHvx5IGaOhup8QmI\" width=\"100%\" height=\"100%\" frameborder=\"0\" scrolling=\"no\" allowfullscreen=\"true\"></iframe>'),
(243, 'Exception Safety and Resource Management', 'Proper exception safety and resource management are essential for building reliable systems. In this part, you will learn how Rust\'s ownership and borrowing system ensures exception safety and enables effective resource management. We will discuss techniques such as RAII (Resource Acquisition Is Initialization) and Rust\'s Drop trait to handle resource cleanup and prevent resource leaks.', 2, 64, '<iframe src=\"https://embed.api.video/vod/vi6UhnEgc0sbgM1iPcYJKNto\" width=\"100%\" height=\"100%\" frameborder=\"0\" scrolling=\"no\" allowfullscreen=\"true\"></iframe>'),
(244, 'Testing and Debugging Techniques', 'Testing and debugging are crucial for identifying and fixing issues in your code. In this section, you will learn about Rust\'s testing framework and best practices for writing effective tests. We will also explore debugging techniques using Rust\'s built-in tools and debuggers to track down and resolve issues in your code.', 4, 64, 'poodle.pdf'),
(245, 'Documentation and Code Quality', 'Good documentation and code quality contribute to the overall robustness and maintainability of your systems. In this part, you will learn how to write clear and concise documentation for your Rust code, including documenting APIs, modules, and code comments. We will discuss code style conventions and code review practices to ensure high-quality code.', 4, 64, 'poodle.pdf'),
(246, 'Introduction to the Rust Ecosystem', 'This section will provide an overview of the Rust ecosystem and the various tools and resources available to Rust developers. You will learn about the Rust programming language, its core principles, and its community-driven development model. We will explore the Rust ecosystem\'s libraries, frameworks, package managers, and documentation resources.', 2, 65, '<iframe src=\"https://embed.api.video/vod/vi4RhRuRk9eBQrsWqA8CB7hW\" width=\"100%\" height=\"100%\" frameborder=\"0\" scrolling=\"no\" allowfullscreen=\"true\"></iframe>'),
(247, 'Rust Build Tools and Package Management', 'Building and managing dependencies is an essential aspect of Rust development. In this part, you will learn about popular build tools like Cargo and how to use them to create, build, and manage Rust projects. We will cover dependency management, versioning, and publishing packages to crates.io, the central repository for Rust crates.', 2, 65, '<iframe src=\"https://embed.api.video/vod/vi3tFTNVOSBwpINp8x3ljUc8\" width=\"100%\" height=\"100%\" frameborder=\"0\" scrolling=\"no\" allowfullscreen=\"true\"></iframe>'),
(248, 'IDEs and Code Editors for Rust', 'An efficient development environment is crucial for productive programming. In this section, you will explore popular integrated development environments (IDEs) and code editors that provide excellent support for Rust development. We will discuss features like code completion, linting, debugging, and project management tools to enhance your Rust coding experience.', 4, 65, 'poodle.pdf'),
(249, 'Testing and Benchmarking in Rust', 'Testing and benchmarking are important for ensuring the quality and performance of your Rust code. In this part, you will learn how to write effective unit tests using Rust\'s built-in testing framework. We will also cover benchmarking techniques to measure the performance of your code and identify potential bottlenecks.', 2, 65, '<iframe src=\"https://embed.api.video/vod/vi2cNY37iphyxAJIUyBjX76L\" width=\"100%\" height=\"100%\" frameborder=\"0\" scrolling=\"no\" allowfullscreen=\"true\"></iframe>'),
(250, 'Documentation Generation and Publishing', 'Clear and comprehensive documentation is vital for sharing your Rust libraries and projects. In this section, you will learn how to generate documentation using tools like Rustdoc and publish it to platforms like docs.rs. We will explore documenting code, writing examples, and documenting APIs to create user-friendly and accessible documentation.', 2, 65, '<iframe src=\"https://embed.api.video/vod/vi1kDyKkko4sr6Sot6ks2MX3\" width=\"100%\" height=\"100%\" frameborder=\"0\" scrolling=\"no\" allowfullscreen=\"true\"></iframe>'),
(251, 'Debugging and Profiling Tools', 'Debugging and profiling help in identifying and resolving issues in your Rust programs. In this part, you will learn about the debugging tools available in Rust, such as debuggers and logging frameworks, to investigate and fix bugs in your code. We will also cover profiling tools to analyze the performance characteristics of your Rust applications.', 2, 65, '<iframe src=\"https://embed.api.video/vod/vi29NpxU8B5cP6CcrSGxBGx4\" width=\"100%\" height=\"100%\" frameborder=\"0\" scrolling=\"no\" allowfullscreen=\"true\"></iframe>'),
(252, 'Continuous Integration and Deployment', 'Continuous integration (CI) and deployment (CD) are crucial for automating the build, testing, and deployment processes. In this section, you will learn how to set up CI/CD pipelines for your Rust projects using popular CI/CD platforms. We will cover strategies for building, testing, and deploying Rust applications in a consistent and efficient manner.', 2, 65, '<iframe src=\"https://embed.api.video/vod/vi2Qwm9w9ETLfVJF1PbFF8WH\" width=\"100%\" height=\"100%\" frameborder=\"0\" scrolling=\"no\" allowfullscreen=\"true\"></iframe>'),
(253, 'What is Digital Marketing?', 'Explore the concept of digital marketing and its importance in today\'s digital landscape. Understand how digital marketing differs from traditional marketing and the key benefits it offers to businesses.', 2, 67, '<iframe src=\"https://embed.api.video/vod/vi1fMyr1Mo3Vsnb2vwuhyu1U\" width=\"100%\" height=\"100%\" frameborder=\"0\" scrolling=\"no\" allowfullscreen=\"true\"></iframe>'),
(254, 'Evolution of Digital Marketing', 'Trace the evolution of digital marketing and how it has transformed the way businesses connect with their target audience. Learn about the historical milestones and key technological advancements that have shaped the field.', 4, 67, 'poodle.pdf'),
(255, 'Digital Marketing Channels and Strategies', 'Discover the various digital marketing channels available, such as search engines, social media, email marketing, content marketing, and more. Explore different marketing strategies that can be employed across these channels to reach and engage the target audience.', 2, 67, '<iframe src=\"https://embed.api.video/vod/vi3sWTdDxo3B2uQMiFsEdb9H\" width=\"100%\" height=\"100%\" frameborder=\"0\" scrolling=\"no\" allowfullscreen=\"true\"></iframe>'),
(256, 'Importance of Digital Marketing in Business', 'Understand the significance of digital marketing for businesses of all sizes and industries. Learn how digital marketing can help increase brand visibility, generate leads, drive website traffic, and ultimately contribute to business growth and success.', 2, 67, '<iframe src=\"https://embed.api.video/vod/vi1ii4fCThE6d58DikTblGqh\" width=\"100%\" height=\"100%\" frameborder=\"0\" scrolling=\"no\" allowfullscreen=\"true\"></iframe>'),
(257, 'Digital Marketing Trends and Future Outlook', 'Stay up-to-date with the latest trends and emerging technologies in digital marketing. Explore how artificial intelligence (AI), machine learning, voice search, and other advancements are shaping the future of digital marketing.', 2, 67, '<iframe src=\"https://embed.api.video/vod/vi3MCuVTVZroK2qgOdmOz7HC\" width=\"100%\" height=\"100%\" frameborder=\"0\" scrolling=\"no\" allowfullscreen=\"true\"></iframe>'),
(258, 'Role of Data in Digital Marketing', 'Learn about the crucial role of data in digital marketing and how it can be used to gain insights, make informed decisions, and optimize marketing strategies. Understand the importance of data privacy and ethical considerations in data usage.', 2, 67, '<iframe src=\"https://embed.api.video/vod/vi4RVI8VKpXjuov7ZmdPaaTm\" width=\"100%\" height=\"100%\" frameborder=\"0\" scrolling=\"no\" allowfullscreen=\"true\"></iframe>'),
(259, 'Career Opportunities in Digital Marketing', 'Explore the diverse career opportunities available in the field of digital marketing. Learn about various roles such as digital marketing manager, social media specialist, SEO analyst, content strategist, and more. Understand the skills and qualifications required to pursue a career in digital marketing.', 4, 67, 'poodle.pdf'),
(260, 'Introduction to Digital Marketing Channels', 'Learn about the different digital marketing channels available to businesses and how they can be effectively utilized to reach and engage the target audience. Understand the unique characteristics and advantages of each channel.', 2, 68, '<iframe src=\"https://embed.api.video/vod/vi1hSSExNfE4OhD0lODgetPp\" width=\"100%\" height=\"100%\" frameborder=\"0\" scrolling=\"no\" allowfullscreen=\"true\"></iframe>'),
(261, 'Search Engine Marketing (SEM)', 'Explore the world of search engine marketing and how businesses can leverage platforms like Google Ads to display targeted ads to users searching for relevant keywords. Learn about the different types of campaigns, keyword research, bidding strategies, and ad formats.', 2, 68, '<iframe src=\"https://embed.api.video/vod/vi3DjP02h94cWwiAkAgOVq1U\" width=\"100%\" height=\"100%\" frameborder=\"0\" scrolling=\"no\" allowfullscreen=\"true\"></iframe>'),
(262, 'Social Media Marketing', 'Discover the power of social media marketing in building brand awareness, engaging with customers, and driving website traffic. Learn about popular social media platforms, effective content strategies, community management, influencer marketing, and measuring social media ROI.', 2, 68, '<iframe src=\"https://embed.api.video/vod/vi3sO7Uih2Uw9gfUVeAlc6Ka\" width=\"100%\" height=\"100%\" frameborder=\"0\" scrolling=\"no\" allowfullscreen=\"true\"></iframe>'),
(263, 'Content Marketing', 'Understand the importance of content marketing in digital marketing strategies. Learn how to create valuable and engaging content to attract and retain the target audience. Explore content formats such as blog posts, articles, videos, infographics, and ebooks.', 2, 68, '<iframe src=\"https://embed.api.video/vod/vi4v6m4eq0rnENlQtgqqgb8p\" width=\"100%\" height=\"100%\" frameborder=\"0\" scrolling=\"no\" allowfullscreen=\"true\"></iframe>'),
(264, 'Email Marketing', 'Dive into the world of email marketing and its effectiveness in nurturing leads and driving conversions. Learn how to build an email list, create compelling email campaigns, segment the audience, and track email performance using analytics.', 2, 68, '<iframe src=\"https://embed.api.video/vod/vi6EjLe5qj38Djl306T3esgc\" width=\"100%\" height=\"100%\" frameborder=\"0\" scrolling=\"no\" allowfullscreen=\"true\"></iframe>'),
(265, 'Display Advertising', 'Explore display advertising and how it can be used to increase brand visibility and reach a wider audience. Learn about different ad formats, targeting options, ad networks, and optimizing display campaigns for better results.', 2, 68, '<iframe src=\"https://embed.api.video/vod/vi4ceizQM0J5qdL4dHIbyYs7\" width=\"100%\" height=\"100%\" frameborder=\"0\" scrolling=\"no\" allowfullscreen=\"true\"></iframe>'),
(266, 'Setting Marketing Goals and Objectives', 'Learn how to define clear and measurable marketing goals and objectives for your digital marketing strategy. Understand the importance of aligning marketing goals with overall business objectives and how to set specific, achievable, relevant, and time-bound goals.', 2, 69, '<iframe src=\"https://embed.api.video/vod/vi6MFU1JJkxH3T1nJzzCzb5T\" width=\"100%\" height=\"100%\" frameborder=\"0\" scrolling=\"no\" allowfullscreen=\"true\"></iframe>'),
(267, ' Identifying Target Audience and Segmentation', 'Discover the importance of identifying and understanding your target audience for effective digital marketing. Learn how to conduct market research, define buyer personas, and segment your audience based on demographics, psychographics, and behavior.', 2, 69, '<iframe src=\"https://embed.api.video/vod/viojt2oRvdPAXtI7DRGQyvv\" width=\"100%\" height=\"100%\" frameborder=\"0\" scrolling=\"no\" allowfullscreen=\"true\"></iframe>'),
(268, 'Competitive Analysis', 'Learn how to analyze your competitors in the digital landscape and gain insights into their digital marketing strategies. Identify competitive advantages and areas for differentiation to inform your own digital marketing strategy.', 2, 69, '<iframe src=\"https://embed.api.video/vod/vi3IN8tWgtLCEPGAC9Dt13mw\" width=\"100%\" height=\"100%\" frameborder=\"0\" scrolling=\"no\" allowfullscreen=\"true\"></iframe>'),
(269, 'Brand Positioning and Messaging', 'Understand the significance of brand positioning in digital marketing and how to develop a compelling brand message that resonates with your target audience. Learn techniques for crafting unique selling propositions and value propositions.', 4, 69, 'poodle.pdf'),
(270, 'Content Strategy and Creation', 'Develop a content strategy that aligns with your marketing goals and target audience. Learn how to create engaging and valuable content that attracts, informs, and engages your audience across various digital channels.', 2, 69, '<iframe src=\"https://embed.api.video/vod/vi5pF63BCmOQOxiPPhfWMNGa\" width=\"100%\" height=\"100%\" frameborder=\"0\" scrolling=\"no\" allowfullscreen=\"true\"></iframe>'),
(271, 'Understanding User Experience (UX)', 'Explore the fundamentals of user experience (UX) design and its impact on website performance. Learn about user-centered design principles, usability testing, and techniques for enhancing the overall user experience.', 2, 70, '<iframe src=\"https://embed.api.video/vod/vi6m2oerLFWxrOXNO4tQUQd5\" width=\"100%\" height=\"100%\" frameborder=\"0\" scrolling=\"no\" allowfullscreen=\"true\"></iframe>'),
(272, 'Website Performance Optimization', 'Discover strategies and best practices for optimizing website performance. Learn about website speed optimization, minimizing page load times, optimizing images and media files, and implementing caching techniques.', 2, 70, '<iframe src=\"https://embed.api.video/vod/vi2buisqrTObjfcLfEHEiwqq\" width=\"100%\" height=\"100%\" frameborder=\"0\" scrolling=\"no\" allowfullscreen=\"true\"></iframe>'),
(273, 'Mobile Optimization', 'Understand the importance of mobile optimization in today\'s digital landscape. Learn how to create responsive and mobile-friendly websites, optimize for mobile search, and deliver seamless user experiences across different devices.', 2, 70, '<iframe src=\"https://embed.api.video/vod/vi7VLOE2nOSPxMIniHqhM0qZ\" width=\"100%\" height=\"100%\" frameborder=\"0\" scrolling=\"no\" allowfullscreen=\"true\"></iframe>'),
(274, 'Conversion Rate Optimization (CRO)', 'Explore the principles and techniques of conversion rate optimization to maximize the effectiveness of your website. Learn how to conduct A/B testing, analyze user behavior, optimize landing pages, and improve conversion funnels.', 4, 70, 'poodle.pdf'),
(275, 'User Interface (UI) Design', 'Learn the principles of user interface (UI) design and how to create visually appealing and intuitive website interfaces. Understand the importance of visual hierarchy, typography, color schemes, and effective use of UI elements.', 4, 70, 'poodle.pdf'),
(276, 'Website Navigation and Information Architecture', 'Discover strategies for designing intuitive website navigation and information architecture. Learn how to create logical site structures, implement clear and user-friendly navigation menus, and optimize website hierarchy for easy navigation.', 2, 70, '<iframe src=\"https://embed.api.video/vod/vi1FqPRpMo3YLT6Ed6KBTkGH\" width=\"100%\" height=\"100%\" frameborder=\"0\" scrolling=\"no\" allowfullscreen=\"true\"></iframe>'),
(277, 'Content Strategy and Optimization', 'Develop a content strategy that aligns with user needs and business goals. Learn how to create compelling and engaging website content, optimize content for search engines, and implement content personalization strategies.', 2, 70, '<iframe src=\"https://embed.api.video/vod/viqC35ATq4RDaj6uc8yw2Gx\" width=\"100%\" height=\"100%\" frameborder=\"0\" scrolling=\"no\" allowfullscreen=\"true\"></iframe>'),
(278, 'Introduction to SEO', 'Understand the fundamentals of search engine optimization (SEO) and its role in improving website visibility and organic traffic. Learn about search engine ranking factors, keyword research, and on-page and off-page optimization strategies.', 2, 71, '<iframe src=\"https://embed.api.video/vod/vi4rOCwvSWiUq0y6TU9nQEuI\" width=\"100%\" height=\"100%\" frameborder=\"0\" scrolling=\"no\" allowfullscreen=\"true\"></iframe>'),
(279, ' Keyword Research and Analysis', 'Master the art of keyword research to identify relevant and high-traffic keywords for your website. Learn how to use keyword research tools, analyze competition, and optimize your website content with targeted keywords.', 2, 71, '<iframe src=\"https://embed.api.video/vod/vi5Lz2cwqhwZJKJaKknsEJ5v\" width=\"100%\" height=\"100%\" frameborder=\"0\" scrolling=\"no\" allowfullscreen=\"true\"></iframe>'),
(280, 'On-Page SEO Optimization', 'Discover techniques for optimizing on-page elements to improve website visibility in search engine results. Learn about title tags, meta descriptions, heading tags, URL structure, internal linking, and optimizing website content for SEO.', 2, 71, '<iframe src=\"https://embed.api.video/vod/vi3UO41swfCQcBFz5kOflpHn\" width=\"100%\" height=\"100%\" frameborder=\"0\" scrolling=\"no\" allowfullscreen=\"true\"></iframe>'),
(281, 'Technical SEO', 'Explore the technical aspects of SEO and how to optimize your website for search engines. Learn about website crawlability, XML sitemaps, robots.txt, site speed optimization, mobile-friendliness, and implementing structured data markup.', 4, 71, 'poodle.pdf'),
(282, 'Off-Page SEO and Link Building', 'Understand the importance of off-page SEO and building high-quality backlinks to improve website authority and rankings. Learn about link building strategies, outreach techniques, social media signals, and managing online reputation.', 4, 71, 'poodle.pdf'),
(283, 'Local SEO', 'Learn how to optimize your website for local search to attract customers in specific geographic locations. Explore techniques for creating local business listings, optimizing Google My Business, managing online reviews, and local citation building.', 2, 71, '<iframe src=\"https://embed.api.video/vod/vi7GNef2b6kOMdIfjbqFL7gg\" width=\"100%\" height=\"100%\" frameborder=\"0\" scrolling=\"no\" allowfullscreen=\"true\"></iframe>'),
(284, 'SEO Content Writing', 'Master the art of writing SEO-friendly content that ranks well in search engines. Learn about content optimization techniques, writing compelling meta tags, creating engaging headlines, and structuring content for improved SEO performance.', 2, 71, '<iframe src=\"https://embed.api.video/vod/vi3QwymSxih59sxsQO8NrH04\" width=\"100%\" height=\"100%\" frameborder=\"0\" scrolling=\"no\" allowfullscreen=\"true\"></iframe>'),
(285, 'Introduction to PPC Advertising', 'Understand the basics of pay-per-click advertising and its role in digital marketing. Learn about different PPC platforms, bidding models, ad formats, and the benefits of using PPC to drive targeted traffic and conversions.', 2, 72, '<iframe src=\"https://embed.api.video/vod/vi4dV7TX9VPX7Hzeyi9aDSTr\" width=\"100%\" height=\"100%\" frameborder=\"0\" scrolling=\"no\" allowfullscreen=\"true\"></iframe>'),
(286, 'Setting Up PPC Campaigns', 'Learn how to set up effective PPC campaigns on platforms like Google Ads and Bing Ads. Discover strategies for keyword research, ad group creation, ad copywriting, setting budget and bids, and targeting options to reach your desired audience.', 2, 72, '<iframe src=\"https://embed.api.video/vod/vi7OvsDpXMLe2I9ukbsJJ8dc\" width=\"100%\" height=\"100%\" frameborder=\"0\" scrolling=\"no\" allowfullscreen=\"true\"></iframe>'),
(287, 'Ad Auctions and Quality Score', 'Gain insights into the ad auction process and how search engines determine the placement and cost of your PPC ads. Understand the concept of Quality Score and learn optimization techniques to improve ad relevance, click-through rates, and ad rankings.', 2, 72, '<iframe src=\"https://embed.api.video/vod/viunSewKR6l6u8VIgIgzcEt\" width=\"100%\" height=\"100%\" frameborder=\"0\" scrolling=\"no\" allowfullscreen=\"true\"></iframe>'),
(288, 'Keyword Research for PPC', 'Master the art of keyword research specifically for PPC campaigns. Learn how to identify relevant keywords, assess competition, find high-converting keywords, and use keyword match types effectively to maximize campaign performance.', 4, 72, 'poodle.pdf'),
(289, 'Ad Copywriting and Ad Extensions', 'Discover techniques for writing compelling ad copy that attracts clicks and drives conversions. Learn about ad formatting, creating compelling headlines and descriptions, utilizing ad extensions for additional visibility, and optimizing landing pages for better ad performance.', 4, 72, 'poodle.pdf'),
(290, 'Campaign Optimization and Bid Management', 'Learn how to optimize your PPC campaigns to maximize performance and ROI. Explore strategies for bid management, ad scheduling, location targeting, device targeting, ad testing, and campaign performance tracking and analysis.', 2, 72, '<iframe src=\"https://embed.api.video/vod/vi1ODh1VgoGhURdKSeHkvL9e\" width=\"100%\" height=\"100%\" frameborder=\"0\" scrolling=\"no\" allowfullscreen=\"true\"></iframe>'),
(291, 'Display Advertising with Google Display Network', 'Dive into the world of display advertising and how to run effective campaigns on the Google Display Network. Learn about creating visually appealing display ads, targeting options, placement targeting, and remarketing techniques.', 2, 72, '<iframe src=\"https://embed.api.video/vod/viZAxngJmoE5jDesBNzjEXG\" width=\"100%\" height=\"100%\" frameborder=\"0\" scrolling=\"no\" allowfullscreen=\"true\"></iframe>'),
(292, 'Remarketing and Audience Targeting', 'Explore the power of remarketing and audience targeting in PPC advertising. Learn how to reach your website visitors who have shown interest in your products or services and create customized ad campaigns to re-engage them.', 4, 72, 'poodle.pdf');

INSERT INTO `content_types` (`id`, `type`) VALUES
(1, 'Exercise'),
(2, 'video'),
(3, 'Test4'),
(4, 'document'),
(5, 'documents');

INSERT INTO `courses` (`id`, `title`, `description`, `objectives`, `premium`, `active`, `owner`, `price`, `course_picture`) VALUES
(6, 'Introduction to JavaScript', 'JavaScript fundamentals', 'Understand the fundamentals of JavaScript,\nLearn how to manipulate the DOM,\nExplore JavaScript libraries and frameworks', 0, 1, 1, NULL, 'Java_script.jpg'),
(7, 'Python Programming: The Basics', 'Gain essential skills for writing Python', 'Master Python fundamentals and syntax, Use control structures and loops effectively, Perform file handling operations, Understand object-oriented programming (OOP) in Python', 0, 1, 2, NULL, 'Python_Thumbnail_b6e99c74df.png'),
(8, 'Lisp Unleashed', 'Exploring Functional Programming', 'Understand the fundamental concepts of Lisp programming, Explore the unique features and syntax of Lisp, Master functional programming principles and techniques, Learn how to write and evaluate Lisp expressions, Gain proficiency in working with Lisp data structures, Discover the power of recursion and higher-order functions in Lisp', 1, 1, 4, NULL, NULL),
(9, 'TypeScript Essentials\n\n', 'Building Scalable and Type-Safe Applications', 'Understand the fundamentals of TypeScript and its role in building JavaScript applications, Learn how to set up a TypeScript development environment and integrate it into your workflow,Gain knowledge of TypeScript\'s type system and its benefits for catching errors and improving code quality', 0, 1, 3, NULL, NULL),
(14, 'Java Jumpstart: From Novice to Java Pro', 'Fast-track your Java skills from beginner to pro with Java Jumpstart', 'Understand the fundamental concepts of Java programming, Learn about variables and control structures in Java, Gain knowledge of object-oriented programming principles and apply them in Java, Explore classes and objects in Java, Understand how to handle exceptions and errors in Java programs, Learn about input/output operations and file handling in Java', 0, 1, 2, NULL, NULL),
(16, 'Julia Mastery and Scientific Computing', 'Mastering Scientific Computing and Data Analysis', 'Gain a solid understanding of the Julia programming language and its unique features,Learn to write efficient and performant code for scientific computing tasks, Explore Julia\'s powerful ecosystem of packages and libraries for various domains, Understand how to leverage Julia\'s advanced features, such as multiple dispatch and metaprogramming, Develop proficiency in solving complex mathematical and scientific problems using Julia, Acquire knowledge of best practices and techniques for optimizing Julia code.\nFamiliarize yourself with parallel and distributed computing in Julia for scaling computations', 1, 1, 3, 79.99, 'fitness_bootcamp.jpg'),
(18, 'C# Masterclass: From Beginner to Pro', 'C# Essentials: A Comprehensive Guide to Modern Development', 'Understand the fundamentals of C# programming language, Explore object-oriented programming (OOP) concepts in C# and learn to design and implement classes and objects, Gain proficiency in using C# language features such as properties and methodsto encapsulate functionality and promote code reuse, Master the concepts of exception handling and error management to create robust and reliable C# applications, Learn to work with collections and utilize C#\'s built-in data structures to store and manipulate data efficiently, Understand and implement advanced C# features such as generics and lambda expressions to write more flexible and reusable code', 0, 1, 2, NULL, 'c_sharp.png'),
(19, 'Rust: Crafting Robust and Rusty Systems', 'How to see sounds', 'Master Rust\'s concurrency model using threads and async/await, Develop high-performance Rust applications with efficient code execution, Build robust and safe systems using Rust\'s ownership model and error handling, Work with the Rust ecosystem including libraries and tooling, Apply Rust to real-world projects with best practices and design patterns', 0, 1, 1, NULL, 'soundscapes.png'),
(33, 'Digital Marketing', 'A comprehensive course on Digital Marketing', 'Understand the fundamental concepts and principles of digital marketing, Identify and analyze different digital marketing channels and their advantages and limitations, Develop a comprehensive digital marketing strategy aligned with business goals and target audience, Optimize websites for improved user experience and better conversion rates, Implement effective search engine optimization (SEO) techniques to improve organic visibility and website traffic, Create and manage successful pay-per-click (PPC) advertising campaigns on platforms like Google Ads, Utilize social media platforms to effectively engage with the target audience and promote brand awareness, \nDevelop and execute targeted email marketing campaigns to nurture leads and drive conversions', 1, 1, 2, NULL, 'Unknown.jpeg'),
(56, 'Ruby for Professionals', 'Description', 'Objectives', 0, 1, 2, NULL, NULL);

INSERT INTO `events` (`id`, `name`, `calendar_id`, `start`, `end`, `link`) VALUES
(2, 'DSA', 1, '2023-05-18 10:00:00.045000', '2023-05-18 14:00:00.045000', 'link'),
(6, 'DSA', 1, '2023-05-18 10:00:00.045000', '2023-05-18 14:00:00.045000', 'link'),
(7, 'DSA', 1, '2023-05-31 11:01:01.427000', '2023-05-31 11:01:01.427000', 'link'),
(8, 'OOP', 1, '2023-06-15 10:00:00.898000', '2023-06-15 14:00:00.898000', 'link'),
(9, 'OOP', 1, '2023-06-15 10:00:00.898000', '2023-06-15 14:00:00.898000', 'link'),
(10, 'OOP', 1, '2023-06-15 10:00:00.898000', '2023-06-15 14:00:00.898000', 'link'),
(11, 'OOP', 1, '2023-06-15 10:00:00.898000', '2023-06-15 14:00:00.898000', 'link'),
(12, 'OOP', 1, '2023-06-15 10:00:00.898000', '2023-06-15 14:00:00.898000', 'link'),
(13, 'OOP', 1, '2023-06-15 10:00:00.898000', '2023-06-15 14:00:00.898000', 'link'),
(14, 'OOP', 1, '2023-06-15 10:00:00.898000', '2023-06-15 14:00:00.898000', 'link'),
(15, 'OOP', 1, '2023-06-15 10:00:00.898000', '2023-06-15 14:00:00.898000', 'link'),
(16, 'OOP', 1, '2023-06-15 10:00:00.898000', '2023-06-15 14:00:00.898000', 'link'),
(17, 'OOP', 1, '2023-06-15 10:00:00.898000', '2023-06-15 14:00:00.898000', 'link'),
(18, 'OOP', 1, '2023-06-15 10:00:00.898000', '2023-06-15 14:00:00.898000', 'link'),
(19, 'OOP', 1, '2023-06-15 10:00:00.898000', '2023-06-15 14:00:00.898000', 'link'),
(20, 'OOP', 1, '2023-06-15 10:00:00.898000', '2023-06-15 14:00:00.898000', 'link'),
(21, 'OOP', 1, '2023-06-15 10:00:00.898000', '2023-06-15 14:00:00.898000', 'link'),
(22, 'OOP', 1, '2023-06-15 10:00:00.898000', '2023-06-15 14:00:00.898000', 'link'),
(23, 'OOP', 1, '2023-06-15 10:00:00.898000', '2023-06-15 14:00:00.898000', 'link'),
(24, 'OOP', 1, '2023-06-15 10:00:00.898000', '2023-06-15 14:00:00.898000', 'link'),
(25, 'OOP', 1, '2023-06-15 10:00:00.898000', '2023-06-15 14:00:00.898000', 'link'),
(26, 'OOP', 1, '2023-06-15 10:00:00.898000', '2023-06-15 14:00:00.898000', 'link'),
(27, 'OOP', 1, '2023-06-15 10:00:00.898000', '2023-06-15 14:00:00.898000', 'link');

INSERT INTO `interests` (`users_id`, `tags_id`, `relevance`) VALUES
(2, 1, 1),
(2, 2, 1),
(2, 3, 2),
(3, 1, 3),
(3, 2, 2),
(3, 3, 3);

INSERT INTO `reviews` (`id`, `users_id`, `courses_id`, `rating`, `description`) VALUES
(5, 2, 6, 7.6, 'Very informative course.'),
(6, 3, 6, 5, 'Not what I expected.'),
(7, 9, 6, 1, 'Interesting content.'),
(11, 29, 6, 6.1, 'Engaging instructor.'),
(12, 5, 7, 7.7, 'Great introductory course!'),
(13, 19, 7, 9, 'The best course I\'ve taken!'),
(14, 22, 7, 4.9, 'Informative but lacking engagement.'),
(15, 5, 8, 9.5, 'Highly recommended course!'),
(16, 15, 8, 4, 'Average content, not worth the price.'),
(17, 19, 8, 6, 'Could have been more practical.'),
(18, 22, 8, 6.5, 'Helpful resources provided.'),
(19, 9, 9, 8.9, 'Excellent instructor!'),
(20, 12, 9, 6, 'Not the most comprehensive course.'),
(21, 19, 9, 6.5, 'Good course, but lacking depth.'),
(22, 27, 9, 7.8, 'Highly recommended for beginners.'),
(23, 21, 6, 7, 'Informative course material.'),
(24, 7, 7, 9, 'Average course, not impressed.'),
(25, 14, 7, 9, 'Neutral experience, nothing exceptional.'),
(26, 21, 7, 5.5, 'Good introductory content.'),
(27, 7, 8, 6.5, 'Engaging course, would recommend!'),
(28, 11, 8, 3, 'Not the most engaging course.'),
(29, 21, 9, 6, 'Good coverage of the topic.'),
(32, 27, 8, 8, 'pretty great course');

INSERT INTO `roles` (`id`, `type`) VALUES
(1, 'student'),
(2, 'teacher'),
(3, 'admin');

INSERT INTO `sections` (`id`, `title`, `courses_id`) VALUES
(20, 'DOM Manipulation', 6),
(22, 'Learn how to manipulate the DOM', 6),
(23, 'Explore JavaScript libraries and frameworks', 6),
(24, 'Advanced JavaScript Techniques', 6),
(25, 'JavaScript Best Practices', 6),
(26, 'Introduction to Python', 7),
(27, 'Control Flow and Loops', 7),
(28, 'Functions and Modules', 7),
(29, 'File Handling', 7),
(30, 'Introduction to Data Structures', 7),
(31, 'Introduction to Lisp', 8),
(32, 'Lisp Syntax and Basics', 8),
(33, 'Functional Programming in Lisp', 8),
(34, 'Working with Data in Lisp', 8),
(35, 'Macros and Metaprogramming', 8),
(36, 'Advanced Lisp Concepts', 8),
(37, 'Introduction to TypeScript\n\n', 9),
(38, 'Working with Functions and Classes', 9),
(39, 'TypeScript and Modern JavaScript Features', 9),
(40, 'TypeScript Type System', 9),
(41, 'Interfaces and Generics', 9),
(42, 'Introduction to Java Programming', 14),
(43, 'Java Basics', 14),
(44, 'Object-Oriented Programming in Java', 14),
(45, 'Exception Handling', 14),
(46, 'Input/Output Operations', 14),
(47, 'Java Libraries and APIs', 14),
(48, 'Best Practices and Coding Conventions', 14),
(50, 'Control Flow and Looping\n', 16),
(51, 'Arrays and Matrices\n', 16),
(52, 'Numerical Computing and Linear Algebra\n', 16),
(53, 'Statistical Analysis and Machine Learning\n', 16),
(54, 'Introduction to C# Programming\n', 18),
(55, 'Getting Started with Visual Studio\n', 18),
(56, 'C# Basics: Syntax and Data Types\n', 18),
(57, 'Control Flow and Decision Making\n', 18),
(58, 'Object-Oriented Programming in C#\n', 18),
(59, 'Exception Handling and Error Management\n', 18),
(60, 'Introduction to Rust\n', 19),
(61, 'Rust Basics and Core Concepts\n', 19),
(62, 'Concurrency and Parallelism in Rust\n', 19),
(63, 'High-Performance Rust Programming\n', 19),
(64, 'Building Robust and Safe Systems in Rust\n', 19),
(65, 'Rust Ecosystem and Tooling\n', 19),
(67, 'Introduction to Digital Marketing', 33),
(68, 'Understanding Digital Marketing Channels', 33),
(69, 'Developing a Digital Marketing Strategy', 33),
(70, 'Website Optimization and User Experience', 33),
(71, 'Search Engine Optimization (SEO)', 33),
(72, 'Pay-Per-Click Advertising (PPC)', 33);

INSERT INTO `subscriptions` (`id`, `type`) VALUES
(1, 'Active'),
(2, 'Pending'),
(3, 'Expired');

INSERT INTO `tags` (`id`, `name`) VALUES
(1, 'Fundamentals'),
(2, 'Data structures'),
(3, 'OOP'),
(4, 'Web Development'),
(6, 'Functional Programming'),
(7, 'DigitalMarketing'),
(8, 'Data science'),
(9, 'Algorithms'),
(10, 'Software Engineering'),
(11, 'IT'),
(12, 'IT, OOP, Fundamentals'),
(13, 'functional programming, Fundamentals'),
(14, 'IT, OOP'),
(15, 'IT, functional programming'),
(16, 'Essentials, OOP, Fundamentals');

INSERT INTO `tags_has_courses` (`courses_id`, `tags_id`) VALUES
(6, 1),
(6, 2),
(6, 3),
(7, 1),
(7, 2),
(7, 3),
(8, 6),
(9, 1),
(9, 2),
(9, 3),
(9, 4),
(14, 1),
(14, 2),
(14, 3),
(16, 6),
(18, 3),
(19, 1),
(33, 7),
(56, 16);

INSERT INTO `users` (`id`, `email`, `first_name`, `last_name`, `password`, `phone_number`, `date_of_birth`, `verified_email`, `approved`, `role`, `linked_in_profile`, `disabled`, `profile_picture`) VALUES
(1, 'unclebob@gmail.com', 'Uncle', 'Bob', '$2b$12$8HjrH0LqaAxT2TDf5uI5QeIAnnbMCkVGQKUXPs72e2oqyqv2DyCBK', '123123123', '1876-05-18', 1, 1, 2, 'linked.in', 0, 'asdasdasd'),
(2, 'poodleboxing@gmail.com', 'Donald', 'Knuth', '$2b$12$zJaye3NEIWYktx611syyoeQjHF0JpjXy6XBqQ/hjeeGZyfrGTIShK', '123123123', '1776-05-18', 1, 1, 2, 'linked.in', 0, NULL),
(3, 'gigaman@mail.com', 'Grace', 'Hopper', '$2b$12$9y2kGbqPPdbjJldzEid3feSVN04csLKcAOV9BSQdSJ7CFFmcddQ96', '123123123', '2000-05-18', 1, 1, 2, 'linked.in', 0, NULL),
(4, 'jack_rider@gmail.com', 'John', 'McCarthy ', '$2b$12$9y2kGbqPPdbjJldzEid3feSVN04csLKcAOV9BSQdSJ7CFFmcddQ96', '123123123', '1978-01-29', 1, 1, 2, 'linked.in', 0, NULL),
(5, 'steven_smith@gmail.com', 'steven', 'smith', '$2b$12$9y2kGbqPPdbjJldzEid3feSVN04csLKcAOV9BSQdSJ7CFFmcddQ96', NULL, '1998-08-21', 1, NULL, 1, NULL, 0, NULL),
(6, 'jennifer_walker@gmail.com', 'jennifer', 'walker', '$2b$12$9y2kGbqPPdbjJldzEid3feSVN04csLKcAOV9BSQdSJ7CFFmcddQ96', NULL, '1985-03-12', 1, NULL, 1, NULL, 0, NULL),
(7, 'david_anderson@gmail.com', 'david', 'anderson', '$2b$12$9y2kGbqPPdbjJldzEid3feSVN04csLKcAOV9BSQdSJ7CFFmcddQ96', NULL, '1973-11-05', 1, NULL, 1, NULL, 0, NULL),
(8, 'emily_jones@gmail.com', 'emily', 'jones', '$2b$12$9y2kGbqPPdbjJldzEid3feSVN04csLKcAOV9BSQdSJ7CFFmcddQ96', NULL, '1992-06-15', 1, NULL, 1, NULL, 0, NULL),
(9, 'alexander_brown@gmail.com', 'alexander', 'brown', '$2b$12$9y2kGbqPPdbjJldzEid3feSVN04csLKcAOV9BSQdSJ7CFFmcddQ96', NULL, '1987-09-03', 1, NULL, 1, NULL, 0, NULL),
(10, 'sarah_clark@gmail.com', 'sarah', 'clark', '$2b$12$9y2kGbqPPdbjJldzEid3feSVN04csLKcAOV9BSQdSJ7CFFmcddQ96', NULL, '1995-02-18', 1, NULL, 1, NULL, 0, NULL),
(11, 'matthew_davis@gmail.com', 'matthew', 'davis', '$2b$12$9y2kGbqPPdbjJldzEid3feSVN04csLKcAOV9BSQdSJ7CFFmcddQ96', NULL, '1982-12-09', 1, NULL, 1, NULL, 0, NULL),
(12, 'olivia_harris@gmail.com', 'olivia', 'harris', '$2b$12$9y2kGbqPPdbjJldzEid3feSVN04csLKcAOV9BSQdSJ7CFFmcddQ96', NULL, '1990-07-24', 1, NULL, 1, NULL, 0, NULL),
(13, 'jacob_thomas@gmail.com', 'jacob', 'thomas', '$2b$12$9y2kGbqPPdbjJldzEid3feSVN04csLKcAOV9BSQdSJ7CFFmcddQ96', NULL, '1999-04-01', 1, NULL, 1, NULL, 0, NULL),
(14, 'mia_rodriguez@gmail.com', 'mia', 'rodriguez', '$2b$12$9y2kGbqPPdbjJldzEid3feSVN04csLKcAOV9BSQdSJ7CFFmcddQ96', NULL, '1984-10-14', 1, NULL, 1, NULL, 0, NULL),
(15, 'natalie_wilson@gmail.com', 'natalie', 'wilson', '$2b$12$9y2kGbqPPdbjJldzEid3feSVN04csLKcAOV9BSQdSJ7CFFmcddQ96', NULL, '1991-11-27', 0, NULL, 1, NULL, 0, NULL),
(16, 'liam_andrews@gmail.com', 'liam', 'andrews', '$2b$12$9y2kGbqPPdbjJldzEid3feSVN04csLKcAOV9BSQdSJ7CFFmcddQ96', NULL, '1996-09-08', 0, NULL, 1, NULL, 0, NULL),
(17, 'samantha_miller@gmail.com', 'samantha', 'miller', '$2b$12$9y2kGbqPPdbjJldzEid3feSVN04csLKcAOV9BSQdSJ7CFFmcddQ96', NULL, '1993-04-02', 1, NULL, 1, NULL, 0, NULL),
(18, 'benjamin_carter@gmail.com', 'benjamin', 'carter', '$2b$12$9y2kGbqPPdbjJldzEid3feSVN04csLKcAOV9BSQdSJ7CFFmcddQ96', NULL, '1989-12-17', 1, NULL, 1, NULL, 0, NULL),
(19, 'ava_turner@gmail.com', 'ava', 'turner', '$2b$12$9y2kGbqPPdbjJldzEid3feSVN04csLKcAOV9BSQdSJ7CFFmcddQ96', NULL, '1997-07-09', 1, NULL, 1, NULL, 0, NULL),
(20, 'daniel_roberts@gmail.com', 'daniel', 'roberts', '$2b$12$9y2kGbqPPdbjJldzEid3feSVN04csLKcAOV9BSQdSJ7CFFmcddQ96', NULL, '1986-08-12', 0, NULL, 1, NULL, 0, NULL),
(21, 'emma_wright@gmail.com', 'emma', 'wright', '$2b$12$9y2kGbqPPdbjJldzEid3feSVN04csLKcAOV9BSQdSJ7CFFmcddQ96', NULL, '1994-03-25', 0, NULL, 1, NULL, 0, NULL),
(22, 'noah_martin@gmail.com', 'noah', 'martin', '$2b$12$9y2kGbqPPdbjJldzEid3feSVN04csLKcAOV9BSQdSJ7CFFmcddQ96', NULL, '1990-10-08', 0, NULL, 1, NULL, 0, NULL),
(23, 'william_harris@gmail.com', 'william', 'harris', '$2b$12$9y2kGbqPPdbjJldzEid3feSVN04csLKcAOV9BSQdSJ7CFFmcddQ96', NULL, '1988-07-07', 1, NULL, 1, NULL, 1, NULL),
(24, 'abigail_nelson@gmail.com', 'abigail', 'nelson', '$2b$12$9y2kGbqPPdbjJldzEid3feSVN04csLKcAOV9BSQdSJ7CFFmcddQ96', NULL, '1993-11-11', 1, NULL, 1, NULL, 1, NULL),
(25, 'james_wright@gmail.com', 'james', 'wright', '$2b$12$9y2kGbqPPdbjJldzEid3feSVN04csLKcAOV9BSQdSJ7CFFmcddQ96', NULL, '1991-04-30', 1, NULL, 1, NULL, 1, NULL),
(26, 'tamara_smith34@gmail.com', 'tamara', 'smith', '$2b$12$9y2kGbqPPdbjJldzEid3feSVN04csLKcAOV9BSQdSJ7CFFmcddQ96', '176-927-8894', '1989-06-07', 1, 1, 2, 'linked.in/tamara_smith', 0, NULL),
(27, 'usein_petrov58@gmail.com', 'usein', 'petrov', '$2b$12$9y2kGbqPPdbjJldzEid3feSVN04csLKcAOV9BSQdSJ7CFFmcddQ96', '703-618-3752', '1965-12-29', 1, 1, 2, 'linked.in/husein_petrov', 0, NULL),
(28, 'jennifer_white83@gmail.com', 'jennifer', 'white', '$2b$12$9y2kGbqPPdbjJldzEid3feSVN04csLKcAOV9BSQdSJ7CFFmcddQ96', '512-789-4531', '1992-07-15', 1, 1, 2, 'linked.in/jennifer_white', 0, NULL),
(29, 'robert_johnson21@gmail.com', 'robert', 'johnson', '$2b$12$9y2kGbqPPdbjJldzEid3feSVN04csLKcAOV9BSQdSJ7CFFmcddQ96', '987-654-3210', '1987-03-18', 1, 1, 2, 'linked.in/robert_johnson', 0, NULL),
(33, 'sourc3fb@gmail.com', 'Nikolai', 'Dimitrov', '$2b$12$NJ3CVZmoSs6BhMA3DQkhyevVhj4K2SPURfZVmZ5SrnL9lXygyVTUa', NULL, '1996-05-26', 1, NULL, 3, NULL, 0, NULL),
(34, 'petertheadmin@gmail.com', 'pe6o', 'adminski', '$2b$12$rSoN1XztfoIzjh1kPemeEus.ivcboD3b/Tpdh6nRZ37NcK2SbHgsy', NULL, '2000-05-22', 1, NULL, 3, NULL, 0, NULL),
(35, 'sarah_stone66@gmail.com', 'sarah', 'stone', '$2b$12$kVi7maY97aGGJqTrRvhXxOTiyb7ZeeH0rko7GqTTfPGb0njfwwbue', '123-123-2245', '2001-05-22', 0, 0, 2, 'linked.in/sarah_stone', 0, NULL),
(61, 'alexandrova.blagovesta@gmail.com', 'Blagovesta', 'Aleksandrova', '$2b$12$nLNHh3fXNeDPDo0xu5jE6eZNfFXLYnsHf0Qt2hf03jpSUtBbtXVyi', NULL, '1993-06-11', 0, NULL, 1, NULL, 0, NULL),
(62, 'user@example.com', 'string', 'string', '$2b$12$BA/oiTPgGAUYhP.RocTFhetHW1iN5Hi.BdFH9sZ1EEnutrNygnSIy', NULL, '2023-06-04', 0, NULL, 1, NULL, 0, NULL),
(70, 'teacher@example.com', 'Alexander', 'Marinov', '$2b$12$eR2kmLcKrDmp4VJ1HkXmBO/8QlNONvInB9p6bR8f3T8BBzKZmaZGC', '123-345-567', '1984-06-08', 0, 0, 2, 'amarinov@linkedin.com', 0, NULL),
(71, 'ootwtugredtjzednfh@bbitf.com', 'Alexander', 'Marinov', '$2b$12$.s0U.iWdcChGKRlenqn3xOh6Rpn4Tlj9OU8leRfxgY/5u/c6xEQq2', '123-345-567', '1984-06-08', 1, 1, 2, 'amarinov@linkedin.com', 0, NULL),
(72, 'jilakaf421@vaband.com', 'Richard', 'Branson', '$2b$12$7wr0YaFwHcyTqUjlD5BjhO.rTJ0XBDz9q71BeThI2sBZG0pjKoBoO', NULL, '1984-12-12', 1, NULL, 1, NULL, 0, NULL),
(73, 'rewinder@mail.bg', 'Alexander', 'Nedelev', '$2b$12$ZJUYvGKH5KJYQnuRFH9r6OKoUxPNTcfyWAppd.DFaTYYEv7mVP4za', NULL, '1984-12-12', 1, NULL, 1, NULL, 0, NULL),
(74, 'agfvmsymdoznzorsqv@tcwlm.com', 'Alexander', 'Nedelev', '$2b$12$YKS8.e5TLEvpCNguGjHj.uBSsW5NPwJc6e0p7TQPro4vqUxT0q.py', NULL, '1984-12-12', 0, NULL, 1, NULL, 0, NULL),
(75, 'caydejuspe@gufum.com', 'Alex', 'Mihailov', '$2b$12$4l1/1KUt2HfOleqCXcKkBOGb6ZjJXjz/8UEVHceNgfCcmNpmqVr42', NULL, '1984-12-12', 1, NULL, 1, NULL, 0, NULL),
(76, 'anedelev@gmail.com', 'Alexander', 'Nedelev', '$2b$12$KnsUJxFNXkkiHPV/6yLj3OA.qjFLJbQAG0X2IhPcXxUP.C4GC7CGq', NULL, '1984-12-12', 1, NULL, 1, NULL, 0, NULL),
(88, 'vthfnqwcttihdjofvn@tcwlm.com', 'Alex', 'Nedelev', '$2b$12$R5eSDEGmqjspoCOsE5zsnO7Z2gBJU46T5KC77.XSHwwXkemRVa45i', NULL, '1984-12-12', 1, NULL, 1, NULL, 0, NULL),
(89, 'fczvbikyzveapkvsnx@bbitj.com', 'Teacher', 'Teacher', '$2b$12$YOxcSSavUlLr6x8TJj.xzOey8JkfHdWJQz7EurlaO4jgIzaEeHNEK', '123-34-6734', '1984-06-10', 1, 0, 2, 'teacher@linkedin.com', 0, NULL),
(90, 'pgvgeodovpuupcvxgo@tcwlx.com', 'Alexander', 'Nedelev', '$2b$12$Rdolzmy4vw3dY20bItw6c.kVGN5QzVff63KjGH6pVJmGDmXIG1Lya', NULL, '1984-12-12', 1, NULL, 1, NULL, 0, NULL);

INSERT INTO `users_has_courses` (`users_id`, `courses_id`, `subscriptions_id`) VALUES
(2, 6, 3),
(3, 6, 3),
(6, 6, 2),
(9, 6, 1),
(10, 6, 2),
(13, 6, 1),
(17, 6, 1),
(18, 6, 2),
(20, 6, 2),
(21, 6, 3),
(22, 6, 1),
(29, 6, 1),
(61, 6, 3),
(72, 6, 1),
(5, 7, 1),
(6, 7, 1),
(7, 7, 3),
(14, 7, 3),
(18, 7, 1),
(19, 7, 1),
(21, 7, 3),
(22, 7, 1),
(26, 7, 1),
(76, 7, 1),
(88, 7, 1),
(2, 8, 1),
(5, 8, 1),
(7, 8, 3),
(11, 8, 3),
(12, 8, 1),
(15, 8, 1),
(18, 8, 2),
(19, 8, 1),
(20, 8, 2),
(22, 8, 1),
(26, 8, 2),
(27, 8, 1),
(2, 9, 1),
(3, 9, 2),
(9, 9, 1),
(12, 9, 1),
(15, 9, 1),
(16, 9, 2),
(19, 9, 1),
(20, 9, 2),
(21, 9, 3),
(26, 9, 2),
(27, 9, 1),
(88, 14, 1),
(2, 18, 1),
(3, 18, 1),
(76, 18, 1),
(2, 33, 1),
(90, 56, 1);

INSERT INTO `users_has_sections` (`users_id`, `sections_id`) VALUES
(3, 20),
(72, 20),
(72, 22),
(72, 24),
(72, 25),
(76, 26),
(76, 27),
(76, 28),
(88, 27),
(88, 42);



/*!40101 SET SQL_MODE=@OLD_SQL_MODE */;
/*!40014 SET FOREIGN_KEY_CHECKS=@OLD_FOREIGN_KEY_CHECKS */;
/*!40014 SET UNIQUE_CHECKS=@OLD_UNIQUE_CHECKS */;
/*!40101 SET CHARACTER_SET_CLIENT=@OLD_CHARACTER_SET_CLIENT */;
/*!40101 SET CHARACTER_SET_RESULTS=@OLD_CHARACTER_SET_RESULTS */;
/*!40101 SET COLLATION_CONNECTION=@OLD_COLLATION_CONNECTION */;
/*!40111 SET SQL_NOTES=@OLD_SQL_NOTES */;